appointment_id,patient_id,doctor_id,clinic_id,appointment_date,wait_minutes,consultation_minutes,fee
A00465,P0201,D15,C05,2025-04-25,3,28,3500
A00270,P0011,D19,C01,2025-03-10,2,16,2500
A00976,P0097,D20,C05,2025-08-19,13,29,4500
A00657,P0255,D04,C04,2025-06-09,2,10,3000
A00983,P0070,D15,C05,2025-08-20,40,30,3500
A00477,P0161,D18,C03,2025-04-29,44,10,5000
A01213,P0027,D15,C05,18-Oct-2025,27,15,3500
A01181,P0014,D05,C05,2025-10-11,55,33,4000
A00249,P0144,D01,C03,2025-03-04,21,15,2500
A00729,P0265,D14,C04,2025-06-24,74,22,4500
A00905,P0251,D17,C02,2025-08-04,40,10,4000
A01202,P0130,D18,C03,2025-10-17,3,22,5000
A01265,P0250,D20,C05,2025-10-31,76,34,4500
A01363,P0100,D15,C05,2025-11-25,10,18,3500
A00770,P0132,D02,C02,2025-07-04,5,15,4500
A00469,P0238,D03,C03,2025-04-26,30,13,3500
A00659,P0152,D05,C05,2025-06-09,31,13,4000
A00851,P0116,D17,C02,2025-07-21,104,26,4000
A00904,P0143,D06,C01,2025-08-04,5,14,5000
A01244,P0013,D19,C01,2025-10-27,39,31,2500
A00284,P0264,D16,C01,2025-03-13,5,9,3000
A00118,P0181,D13,C05,2025-01-31,46,26,2500
A00408,P0206,D05,C05,11-Apr-2025,3,14,4000
A00843,P0052,D10,C02,2025-07-19,2,29,3000
A00773,P0212,D19,C04,2025-07-04,150,27,2500
A00051,P0285,D15,C05,2025-01-15,67,10,3500
A00692,P0004,D17,C02,2025-06-16,20,18,4000
A00709,P0132,D02,C02,2025-06-19,3,25,4500
A00928,P0049,D05,C05,2025-08-07,51,16,4000
A01283,P0153,D10,C02,06-Nov-2025,3,15,3000
A00951,P0010,D05,C05,13-Aug-2025,4,26,4000
A00570,P0050,D18,C03,2025-05-20,18,25,5000
A00069,P0074,D13,C03,2025-01-21,25,17,2500
A01226,P0202,D03,C03,2025-10-21,6,17,3500
A00739,P0165,D16,C03,2025-06-26,24,16,3000
A00807,P0086,D09,C04,2025-07-11,36,28,3500
A00624,P0179,D19,C01,2025-06-03,33,20,2500
A00117,P0038,D15,C05,2025-01-30,34,27,3500
A00273,P0240,D16,C01,2025-03-11,8,34,3000
A00104,P0132,D19,C01,2025-01-29,42,26,2500
A01311,P0091,D14,C04,2025-11-13,154,26,4500
A00922,P0164,D17,C02,2025-08-07,132,34,4000
A00890,P0204,D01,C03,2025-07-31,180,24,2500
A00674,P0055,D05,C05,2025-06-11,7,24,4000
A01338,P0297,D10,C05,2025-11-19,41,28,3000
A01460,P0012,D17,C02,2025-12-20,43,8,4000
A01134,P0149,D19,C04,2025-09-27,24,35,2500
A00829,P0277,D06,C01,2025-07-17,58,16,5000
A00644,P0078,D17,C02,2025-06-06,86,15,4000
A01412,P0119,D18,C03,2025-12-06,37,8,5000
A01332,P0220,D14,C04,2025-11-18,43,14,
A01421,P0278,D14,C04,2025-12-08,7,33,
A00537,P0223,D11,C01,2025-05-14,1,17,
A00022,P0143,D02,C02,2025-01-08,3,14,4500
A00159,P0013,D01,C03,2025-02-12,39,34,2500
A00173,P0089,D18,C03,2025-02-14,14,15,5000
A00133,P0289,D13,C05,2025-02-04,127,23,2500
A00252,P0251,D06,C01,2025-03-06,86,10,5000
A01239,P0273,D04,C04,2025-10-24,33,21,3000
A00901,P0297,D10,C02,2025-08-02,5,25,3000
A01254,P0221,D19,C04,2025-10-29,11,9,2500
A01445,P0246,D16,C01,2025-12-17,27,24,3000
A00654,P0198,D11,C01,2025-06-09,147,30,4000
A00185,P0138,D11,C01,2025-02-19,38,27,4000
A00610,P0126,D05,C05,2025-05-29,18,13,4000
A00568,P0091,D08,C03,2025-05-20,5,8,4500
A00629,P0278,D15,C05,2025-06-03,46,24,3500
A01247,P0047,D20,C05,2025-10-27,27,33,4500
A00215,P0203,D01,C03,2025-02-25,23,17,2500
A00336,P0114,D08,C03,2025-03-25,46,29,4500
A01280,P0240,D19,C04,2025-11-05,21,25,2500
A01470,P0075,D10,C02,2025-12-24,0,35,3000
A00483,P0155,D06,C01,2025-04-30,25,27,5000
A00743,P0050,D11,C01,2025-06-27,38,34,4000
A01193,P0293,D08,C03,2025-10-15,107,21,4500
A00052,P0254,D06,C01,16-Jan-2025,14,28,5000
A01147,P0295,D16,C01,2025-10-01,28,34,3000
A01519,P0226,D09,C04,2025-10-27,21,22,3500
A00775,P0135,D13,C05,2025-07-04,11,12,2500
A00842,P0014,D13,C05,2025-07-18,7,16,2500
A01319,P0187,D19,C01,2025-11-17,73,16,2500
A01377,P0116,D11,C01,2025-11-28,25,27,4000
A00419,P0009,D18,C03,15-Apr-2025,28,33,5000
A00740,P0122,D18,C03,26-Jun-2025,40,13,5000
A00296,P0029,D20,C05,2025-03-15,20,10,4500
A01502,P0260,D07,C02,2025-04-25,28,17,2500
A00876,P0043,D09,C04,2025-07-26,13,20,3500
A01497,P0221,D09,C04,2025-12-31,27,32,3500
A00166,P0211,D11,C01,2025-02-13,53,16,4000
A01148,P0031,D13,C03,2025-10-01,1,25,
A00364,P0027,D03,C03,2025-04-01,46,25,3500
A00758,P0136,D06,C01,2025-07-02,66,13,5000
A00871,P0128,D12,C02,2025-07-25,4,17,5000
A00575,P0105,D09,C04,2025-05-21,6,27,3500
A00667,P0223,D13,C05,2025-06-10,16,15,2500
A00315,P0169,D11,C01,2025-03-20,20,14,4000
A00683,P0165,D04,C04,2025-06-14,36,12,3000
A00649,P0182,D02,C02,2025-06-07,104,24,4500
A00762,P0022,D19,C04,2025-07-02,54,18,2500
A00155,P0285,D06,C01,2025-02-11,70,16,5000
A01237,P0230,D11,C01,2025-10-24,168,8,4000
A00586,P0152,D18,C03,2025-05-23,6,32,5000
A00063,P0019,D04,C04,2025-01-20,71,9,3000
A00700,P0236,D20,C05,2025-06-16,99,15,4500
A00603,P0256,D05,C05,2025-05-27,10,15,4000
A01411,P0177,D03,C03,2025-12-06,5,20,3500
A01275,P0091,D18,C03,2025-11-04,14,21,5000
A01510,P0232,D10,C02,2025-07-28,23,17,3000
A00432,P0220,D03,C03,2025-04-18,83,8,3500
A00319,P0182,D02,C02,2025-03-21,27,19,4500
A00574,P0019,D07,C02,2025-05-21,45,19,2500
A00302,P0144,D11,C01,2025-03-18,27,16,4000
A01361,P0239,D08,C03,2025-11-25,7,27,4500
A00128,P0252,D09,C04,03-Feb-2025,21,33,3500
A01366,P0046,D16,C01,2025-11-26,27,26,3000
A00040,P0041,D11,C01,2025-01-13,34,15,4000
A00774,P0103,D10,C05,2025-07-04,32,13,3000
A00395,P0146,D15,C05,2025-04-07,66,17,3500
A00018,P0001,D18,C03,04-Jan-2025,41,13,5000
A01278,P0097,D15,C05,2025-11-04,16,14,3500
A00954,P0034,D03,C03,2025-08-14,1,28,3500
A00440,P0054,D01,C01,2025-04-21,5,35,2500
A01271,P0217,D14,C04,2025-11-03,74,13,4500
A01063,P0297,D15,C05,2025-09-08,17,11,3500
A01211,P0250,D12,C02,2025-10-18,8,29,5000
A01379,P0020,D02,C02,2025-11-28,13,34,4500
A00899,P0066,D10,C05,2025-08-01,44,13,3000
A00912,P0175,D20,C05,2025-08-05,18,29,4500
A00672,P0214,D12,C02,2025-06-11,44,35,5000
A00527,P0136,D05,C05,2025-05-10,127,15,4000
A00066,P0090,D16,C01,2025-01-21,2,25,3000
A00234,P0255,D07,C02,2025-03-01,20,28,2500
A01101,P0229,D04,C04,2025-09-17,13,29,3000
A01110,P0270,D14,C04,2025-09-19,15,29,4500
A00864,P0261,D18,C03,2025-07-23,180,34,5000
A00138,P0291,D15,C05,2025-02-05,2,24,3500
A01167,P0012,D13,C05,2025-10-07,48,30,2500
A00214,P0243,D12,C02,2025-02-25,31,27,5000
A00241,P0024,D17,C02,2025-03-03,16,28,4000
A00777,P0083,D14,C04,2025-07-05,88,19,4500
A00100,P0049,D05,C05,2025-01-28,2,27,4000
A00506,P0115,D06,C01,2025-05-07,81,26,5000
A01157,P0074,D01,C03,2025-10-03,26,10,2500
A00808,P0256,D09,C04,2025-07-11,7,23,3500
A00471,P0031,D08,C03,2025-04-28,3,33,4500
A00515,P0095,D09,C04,08-May-2025,10,19,3500
A00858,P0010,D09,C04,2025-07-22,40,30,3500
A00044,P0020,D05,C05,13-Jan-2025,10,30,4000
A01068,P0169,D11,C01,2025-09-10,2,28,4000
A01406,P0298,D13,C05,2025-12-05,13,24,2500
A00726,P0161,D08,C03,2025-06-24,50,14,4500
A01153,P0223,D08,C03,2025-10-02,25,35,4500
A00425,P0151,D10,C05,2025-04-15,4,8,3000
A00756,P0141,D01,C03,2025-07-01,10,32,2500
A00588,P0010,D14,C04,23-May-2025,22,33,4500
A01203,P0279,D18,C03,2025-10-17,128,32,5000
A01375,P0163,D06,C01,2025-11-28,25,12,5000
A00517,P0192,D14,C04,2025-05-09,6,26,4500
A00721,P0020,D08,C03,2025-06-23,6,26,4500
A00503,P0154,D13,C05,2025-05-06,0,21,2500
A01207,P0009,D01,C01,2025-10-18,27,33,2500
A00888,P0181,D07,C02,2025-07-30,18,24,2500
A00024,P0143,D12,C02,2025-01-08,33,32,5000
A00550,P0059,D01,C01,2025-05-16,8,16,2500
A01492,P0031,D07,C02,2025-12-30,60,9,2500
A00161,P0256,D13,C03,2025-02-12,21,30,2500
A00879,P0142,D16,C01,2025-07-28,3,29,3000
A01389,P0102,D03,C03,2025-12-02,15,30,3500
A00019,P0270,D06,C01,2025-01-06,41,9,5000
A00723,P0136,D18,C03,2025-06-23,30,9,5000
A00929,P0024,D15,C05,2025-08-07,2,32,3500
A01458,P0213,D01,C01,2025-12-19,5,14,2500
A01150,P0007,D02,C02,2025-10-02,23,11,4500
A00007,P0118,D07,C04,2025-01-02,74,12,2500
A01204,P0227,D09,C04,2025-10-17,52,20,3500
A00640,P0018,D18,C03,2025-06-05,42,30,5000
A00272,P0161,D12,C02,2025-03-10,12,26,5000
A00194,P0088,D03,C03,2025-02-21,29,18,3500
A01040,P0020,D07,C02,2025-09-04,32,29,2500
A00720,P0174,D02,C02,2025-06-23,61,14,
A01356,P0280,D12,C02,2025-11-24,32,14,5000
A00981,P0056,D05,C05,20-Aug-2025,0,17,4000
A01131,P0221,D10,C02,2025-09-27,26,12,3000
A00409,P0198,D17,C02,2025-04-12,5,29,4000
A00641,P0090,D09,C04,2025-06-05,69,30,3500
A00793,P0219,D05,C05,2025-07-08,16,10,4000
A00816,P0290,D19,C01,2025-07-14,85,35,2500
A00885,P0210,D10,C02,29-Jul-2025,1,32,3000
A00609,P0270,D07,C04,2025-05-29,40,13,2500
A01070,P0225,D16,C03,2025-09-11,160,29,3000
A00856,P0135,D01,C03,2025-07-22,36,34,2500
A00681,P0108,D07,C02,2025-06-14,32,31,2500
A01012,P0049,D09,C04,2025-08-27,24,9,3500
A01177,P0059,D20,C05,2025-10-10,0,26,4500
A00580,P0093,D07,C04,2025-05-22,86,28,2500
A01473,P0203,D20,C05,2025-12-24,53,34,4500
A00221,P0073,D03,C03,2025-02-26,120,31,3500
A00932,P0013,D01,C01,2025-08-09,8,35,2500
A00368,P0199,D15,C05,2025-04-01,36,28,3500
A01516,P0196,D14,C04,2025-09-22,14,13,4500
A00443,P0159,D03,C03,2025-04-21,180,25,3500
A00407,P0104,D16,C03,2025-04-11,79,18,3000
A00693,P0206,D17,C02,2025-06-16,14,21,4000
A01004,P0221,D04,C01,2025-08-26,10,12,3000
A01484,P0043,D03,C03,2025-12-27,66,9,3500
A00098,P0236,D18,C03,2025-01-28,39,24,5000
A00688,P0253,D11,C01,2025-06-16,20,18,4000
A01043,P0267,D10,C05,2025-09-04,16,12,3000
A00123,P0117,D04,C01,2025-02-03,44,18,3000
A00766,P0042,D17,C02,2025-07-03,10,10,4000
A00094,P0158,D09,C04,2025-01-25,17,20,3500
A00950,P0064,D01,C03,2025-08-13,36,18,2500
A00987,P0110,D05,C05,2025-08-21,84,18,4000
A01031,P0118,D05,C05,2025-09-01,156,16,4000
A00198,P0213,D19,C04,2025-02-21,69,22,2500
A00653,P0171,D01,C01,2025-06-09,2,9,2500
A01062,P0079,D10,C02,08-Sep-2025,55,15,3000
A00135,P0012,D17,C02,2025-02-05,102,35,4000
A00075,P0064,D01,C03,2025-01-22,20,19,2500
A00475,P0286,D10,C05,2025-04-28,29,30,3000
A01248,P0268,D20,C05,2025-10-27,110,16,4500
A00461,P0276,D09,C04,2025-04-24,2,9,3500
A00840,P0199,D08,C03,2025-07-18,45,28,4500
A00535,P0224,D15,C05,2025-05-13,6,32,3500
A01266,P0089,D07,C02,2025-11-01,65,18,2500
A01386,P0082,D20,C05,2025-12-01,0,33,4500
A00747,P0095,D05,C05,2025-06-27,1,17,4000
A01151,P0079,D10,C02,2025-10-02,53,12,3000
A01005,P0013,D12,C02,2025-08-26,29,15,5000
A00332,P0170,D15,C05,2025-03-24,19,11,3500
A00913,P0210,D01,C01,2025-08-06,86,33,2500
A00908,P0007,D03,C03,2025-08-05,10,25,3500
A00969,P0187,D04,C04,2025-08-18,23,22,3000
A01087,P0171,D06,C01,2025-09-15,8,25,5000
A00220,P0123,D12,C02,2025-02-26,2,30,5000
A01410,P0025,D01,C03,2025-12-06,40,29,2500
A00346,P0117,D15,C05,2025-03-27,22,18,3500
A00177,P0011,D04,C01,2025-02-17,63,21,3000
A01121,P0020,D09,C04,2025-09-24,60,13,3500
A00328,P0219,D17,C02,2025-03-24,19,14,4000
A00298,P0199,D01,C03,2025-03-17,92,25,2500
A01288,P0022,D20,C05,2025-11-06,165,27,4500
A00679,P0042,D20,C05,2025-06-12,13,25,4500
A00275,P0024,D17,C02,2025-03-11,29,13,4000
A00474,P0258,D05,C05,2025-04-28,70,30,4000
A00481,P0112,D15,C05,2025-04-29,21,29,3500
A01007,P0291,D01,C03,2025-08-26,26,20,2500
A00853,P0224,D20,C05,2025-07-21,22,19,4500
A00518,P0057,D05,C05,2025-05-09,17,18,4000
A00780,P0292,D06,C01,2025-07-07,58,9,5000
A00809,P0294,D05,C05,2025-07-11,27,22,4000
A00002,P0265,D12,C02,2025-01-01,3,35,5000
A00156,P0005,D07,C04,2025-02-11,28,24,2500
A01118,P0199,D13,C05,2025-09-23,115,32,2500
A00639,P0115,D13,C03,2025-06-05,15,34,2500
A00735,P0130,D14,C04,2025-06-25,16,14,4500
A01228,P0175,D11,C01,2025-10-22,23,15,4000
A00114,P0101,D07,C04,2025-01-30,18,33,2500
A00731,P0130,D01,C03,2025-06-25,39,8,2500
A00501,P0073,D05,C05,2025-05-06,41,16,4000
A00701,P0082,D09,C04,2025-06-17,173,29,3500
A01397,P0011,D15,C05,2025-12-03,43,22,3500
A00001,P0197,D07,C02,2025-01-01,60,24,2500
A00621,P0205,D18,C03,2025-06-02,2,15,5000
A00974,P0055,D17,C02,2025-08-19,14,21,4000
A00502,P0098,D05,C05,2025-05-06,14,21,4000
A00611,P0274,D02,C02,2025-05-30,1,15,4500
A01350,P0223,D03,C03,2025-11-21,20,31,3500
A00686,P0049,D15,C05,2025-06-14,2,24,3500
A01327,P0080,D13,C03,2025-11-18,18,14,2500
A00371,P0119,D02,C02,2025-04-02,20,13,4500
A01116,P0048,D04,C01,2025-09-23,30,24,3000
A01238,P0271,D13,C03,2025-10-24,45,16,2500
A00827,P0140,D14,C04,2025-07-16,40,9,4500
A01090,P0219,D11,C01,2025-09-16,143,35,4000
A00256,P0064,D04,C01,2025-03-07,53,23,3000
A01273,P0261,D20,C05,2025-11-03,16,10,4500
A00137,P0051,D13,C03,2025-02-05,24,17,2500
A00633,P0105,D10,C02,2025-06-04,5,23,3000
A01323,P0277,D14,C04,2025-11-17,12,25,4500
A00970,P0044,D05,C05,2025-08-18,8,27,4000
A01402,P0089,D01,C01,2025-12-05,21,20,2500
A01258,P0189,D13,C03,2025-10-30,57,27,2500
A01188,P0259,D20,C05,2025-10-14,18,22,4500
A01154,P0228,D13,C05,2025-10-02,16,12,2500
A01241,P0007,D09,C04,2025-10-25,60,35,3500
A00572,P0182,D15,C05,20-May-2025,4,33,3500
A00048,P0175,D14,C04,2025-01-14,67,19,4500
A01240,P0008,D08,C03,2025-10-25,28,11,4500
A00599,P0172,D12,C02,2025-05-27,4,18,5000
A00227,P0073,D20,C05,27-Feb-2025,0,21,4500
A01221,P0032,D20,C05,2025-10-20,10,29,4500
A00434,P0170,D06,C01,2025-04-19,28,17,5000
A00722,P0215,D13,C03,2025-06-23,12,32,2500
A00421,P0206,D09,C04,2025-04-15,18,28,3500
A00390,P0125,D13,C05,2025-04-05,7,26,2500
A01369,P0005,D17,C02,2025-11-26,16,12,4000
A01471,P0186,D09,C04,2025-12-24,12,17,3500
A01234,P0238,D12,C02,2025-10-23,55,24,5000
A00505,P0134,D01,C01,2025-05-07,43,14,2500
A00285,P0168,D02,C02,2025-03-13,180,9,4500
A00042,P0100,D18,C03,2025-01-13,42,29,5000
A01252,P0163,D12,C02,2025-10-29,32,26,5000
A00815,P0025,D06,C01,2025-07-14,3,26,5000
A00689,P0074,D02,C02,16-Jun-2025,154,19,4500
A00297,P0109,D12,C02,17-Mar-2025,8,30,5000
A00376,P0172,D05,C05,2025-04-02,16,29,4000
A00027,P0005,D15,C05,2025-01-09,36,8,3500
A01462,P0022,D14,C04,2025-12-20,3,18,4500
A00317,P0107,D18,C03,2025-03-20,55,26,5000
A00184,P0289,D20,C05,2025-02-18,7,15,4500
A00228,P0102,D11,C01,2025-02-28,1,27,4000
A00427,P0092,D04,C04,2025-04-16,7,9,3000
A00318,P0106,D02,C02,2025-03-21,55,26,4500
A00948,P0232,D04,C01,2025-08-13,36,28,3000
A01493,P0158,D18,C03,2025-12-30,51,17,5000
A00670,P0037,D11,C01,2025-06-11,19,24,4000
A00323,P0201,D02,C02,2025-03-22,50,30,4500
A00452,P0273,D15,C05,2025-04-22,12,30,3500
A00894,P0274,D20,C05,2025-07-31,27,23,4500
A01370,P0204,D09,C04,2025-11-26,1,19,3500
A00036,P0129,D10,C05,2025-01-10,17,25,3000
A00975,P0215,D09,C04,2025-08-19,47,16,3500
A00411,P0009,D09,C04,2025-04-12,22,30,3500
A00397,P0158,D07,C02,2025-04-08,180,10,2500
A00717,P0134,D03,C03,2025-06-21,43,23,3500
A00453,P0244,D20,C05,2025-04-22,42,31,4500
A01405,P0159,D09,C04,2025-12-05,28,16,3500
A00828,P0096,D01,C01,2025-07-17,17,27,2500
A00287,P0228,D18,C03,2025-03-13,39,11,5000
A00589,P0049,D15,C05,2025-05-23,25,12,3500
A01256,P0259,D03,C03,2025-10-30,12,14,3500
A00074,P0285,D06,C01,2025-01-22,22,26,5000
A00442,P0120,D17,C02,2025-04-21,19,22,4000
A00933,P0281,D06,C01,2025-08-09,82,33,5000
A00340,P0191,D09,C04,2025-03-26,10,14,3500
A00668,P0074,D20,C05,2025-06-10,100,19,4500
A01233,P0097,D08,C03,2025-10-22,38,20,4500
A01430,P0106,D11,C01,2025-12-12,10,13,4000
A01413,P0181,D18,C03,2025-12-06,41,27,5000
A00236,P0147,D17,C02,2025-03-01,3,24,4000
A00867,P0167,D19,C04,2025-07-24,12,25,2500
A01146,P0253,D20,C05,2025-09-30,2,8,4500
A01178,P0114,D06,C01,2025-10-11,0,31,5000
A00637,P0291,D06,C01,2025-06-05,77,14,5000
A00057,P0178,D14,C04,2025-01-17,8,30,4500
A01095,P0097,D20,C05,16-Sep-2025,12,22,4500
A00979,P0035,D18,C03,2025-08-20,7,12,5000
A01173,P0265,D15,C05,2025-10-09,33,23,3500
A01025,P0006,D20,C05,2025-08-30,21,28,4500
A00557,P0131,D19,C04,2025-05-17,47,9,2500
A00755,P0064,D10,C02,2025-07-01,103,13,3000
A01030,P0263,D08,C03,2025-09-01,49,31,4500
A00561,P0068,D01,C01,2025-05-20,106,33,2500
A00835,P0018,D20,C05,2025-07-17,80,35,4500
A00077,P0270,D18,C03,2025-01-22,3,31,5000
A00822,P0217,D07,C04,2025-07-15,40,27,2500
A00559,P0287,D03,C03,2025-05-19,20,19,3500
A01455,P0070,D05,C05,2025-12-18,1,11,4000
A01229,P0207,D02,C02,2025-10-22,49,8,4500
A00845,P0138,D03,C03,2025-07-19,4,24,3500
A00312,P0006,D05,C05,2025-03-19,89,29,4000
A00803,P0079,D19,C01,2025-07-11,24,35,2500
A01200,P0096,D08,C03,2025-10-17,25,20,4500
A01126,P0170,D01,C01,2025-09-26,104,18,2500
A01027,P0158,D12,C02,2025-09-01,40,11,5000
A00380,P0013,D13,C03,2025-04-03,40,21,2500
A00998,P0106,D12,C02,2025-08-25,5,28,5000
A01195,P0011,D04,C04,2025-10-15,8,10,3000
A01035,P0298,D10,C02,2025-09-03,11,25,3000
A00158,P0202,D17,C02,2025-02-12,10,24,4000
A00997,P0223,D15,C05,2025-08-23,29,21,3500
A00536,P0282,D20,C05,2025-05-13,26,26,4500
A00718,P0048,D01,C01,2025-06-23,10,17,2500
A00280,P0140,D18,C03,2025-03-12,23,16,5000
A01010,P0267,D04,C01,2025-08-27,17,33,3000
A01448,P0091,D19,C04,2025-12-17,7,24,2500
A00966,P0075,D10,C02,2025-08-18,13,25,3000
A00676,P0071,D11,C01,2025-06-12,3,20,4000
A00660,P0289,D07,C02,2025-06-10,68,29,2500
A00764,P0213,D12,C02,03-Jul-2025,5,30,5000
A00652,P0165,D15,C05,2025-06-07,0,24,3500
A00551,P0125,D06,C01,2025-05-16,55,8,5000
A00868,P0297,D19,C04,2025-07-24,24,11,2500
A00986,P0252,D19,C04,2025-08-21,6,31,2500
A00510,P0159,D08,C03,2025-05-07,6,13,4500
A00291,P0221,D04,C04,2025-03-14,15,23,3000
A01192,P0223,D01,C03,2025-10-15,-9,31,2500
A00786,P0218,D11,C01,2025-07-08,13,12,4000
A01316,P0018,D18,C03,2025-11-14,56,34,5000
A01387,P0168,D20,C05,2025-12-01,7,8,4500
A00175,P0285,D14,C04,2025-02-14,15,13,4500
A00767,P0068,D08,C03,2025-07-03,13,33,4500
A01142,P0053,D12,C02,2025-09-30,58,21,5000
A00050,P0151,D01,C03,2025-01-15,72,15,2500
A00260,P0052,D16,C03,2025-03-07,2,34,3000
A01478,P0170,D09,C04,2025-12-25,26,30,3500
A01066,P0238,D15,C05,2025-09-09,5,19,3500
A01472,P0077,D14,C04,2025-12-24,59,18,4500
A00429,P0035,D14,C04,2025-04-16,47,22,4500
A00378,P0207,D01,C03,2025-04-03,4,12,2500
A00596,P0256,D03,C03,2025-05-26,30,15,3500
A01321,P0233,D08,C03,2025-11-17,0,32,4500
A00620,P0054,D02,C02,2025-06-02,37,12,4500
A00245,P0241,D01,C01,2025-03-04,30,8,2500
A01003,P0175,D20,C05,2025-08-25,13,31,4500
A00455,P0089,D12,C02,2025-04-23,137,29,5000
A00627,P0263,D18,C03,2025-06-03,85,12,5000
A01130,P0082,D19,C01,2025-09-27,62,13,2500
A01515,P0147,D15,C05,2025-09-06,52,19,3500
A00548,P0062,D10,C05,2025-05-15,10,32,3000
A01376,P0086,D11,C01,2025-11-28,26,31,4000
A01259,P0077,D14,C04,2025-10-30,28,20,4500
A00264,P0016,D01,C01,2025-03-08,89,35,2500
A00120,P0260,D11,C01,2025-02-01,18,12,4000
A00139,P0181,D11,C01,2025-02-06,35,18,4000
A00431,P0171,D11,C01,2025-04-18,46,29,4000
A00682,P0042,D12,C02,2025-06-14,6,25,5000
A00963,P0217,D01,C03,2025-08-16,79,17,2500
A01270,P0017,D16,C03,2025-11-03,6,12,3000
A00526,P0193,D09,C04,2025-05-10,51,31,3500
A00367,P0060,D05,C05,2025-04-01,8,13,4000
A00860,P0066,D10,C02,2025-07-23,0,14,3000
A00068,P0095,D08,C03,2025-01-21,21,9,4500
A00959,P0110,D14,C04,2025-08-15,30,33,4500
A00779,P0063,D05,C05,2025-07-05,1,12,4000
A00972,P0173,D13,C05,2025-08-18,25,21,2500
A00547,P0280,D19,C04,2025-05-15,103,21,2500
A01341,P0171,D19,C01,2025-11-20,62,12,2500
A01512,P0075,D10,C02,2025-08-18,13,25,3000
A00920,P0250,D02,C02,2025-08-07,2,35,4500
A00265,P0172,D01,C01,2025-03-08,131,19,2500
A01329,P0286,D16,C03,2025-11-18,9,16,3000
A01057,P0017,D10,C05,2025-09-06,7,23,3000
A00497,P0027,D14,C04,2025-05-05,11,8,4500
A01009,P0126,D20,C05,2025-08-26,2,32,4500
A00190,P0148,D13,C05,2025-02-19,9,33,2500
A00343,P0099,D13,C03,2025-03-27,6,19,2500
A00225,P0165,D13,C03,2025-02-27,32,8,2500
A00962,P0178,D07,C02,2025-08-16,23,28,2500
A00240,P0124,D02,C02,2025-03-03,5,23,4500
A00112,P0198,D01,C03,2025-01-30,11,8,2500
A00144,P0163,D18,C03,2025-02-07,37,30,5000
A00454,P0236,D02,C02,2025-04-23,27,16,4500
A01163,P0102,D13,C05,2025-10-06,180,29,2500
A00174,P0251,D18,C03,2025-02-14,42,27,5000
A01353,P0225,D10,C05,2025-11-21,10,26,3000
A01400,P0189,D19,C04,2025-12-04,3,21,2500
A00102,P0198,D13,C05,2025-01-28,50,28,2500
A00219,P0190,D15,C05,2025-02-25,36,28,3500
A01140,P0106,D18,C03,2025-09-29,1,20,5000
A00020,P0037,D19,C01,2025-01-06,15,27,2500
A00837,P0217,D12,C02,2025-07-18,89,25,
A01432,P0173,D07,C04,2025-12-12,12,34,2500
A01488,P0203,D14,C04,2025-12-29,34,17,4500
A00632,P0142,D07,C02,2025-06-04,78,24,2500
A00388,P0044,D19,C01,2025-04-05,19,16,2500
A00787,P0071,D02,C02,2025-07-08,13,9,4500
A01011,P0165,D16,C01,2025-08-27,8,31,3000
A01212,P0197,D18,C03,2025-10-18,21,16,5000
A00267,P0205,D19,C04,2025-03-08,68,12,2500
A01141,P0182,D06,C01,2025-09-30,0,22,5000
A00492,P0232,D01,C03,2025-05-03,0,11,2500
A00045,P0139,D05,C05,2025-01-13,8,23,4000
A00992,P0230,D18,C03,2025-08-22,4,23,5000
A00248,P0298,D10,C02,2025-03-04,28,33,3000
A00433,P0012,D09,C04,2025-04-18,161,33,3500
A01394,P0273,D01,C03,2025-12-03,26,35,2500
A01067,P0007,D06,C01,2025-09-10,68,24,5000
A00531,P0168,D14,C04,2025-05-12,24,24,4500
A01072,P0183,D19,C04,2025-09-11,13,30,2500
A01160,P0199,D14,C04,2025-10-04,9,15,4500
A00590,P0054,D20,C05,2025-05-23,17,21,4500
A00591,P0199,D19,C01,2025-05-24,14,29,2500
A00463,P0128,D17,C02,2025-04-25,137,17,4000
A00122,P0152,D13,C03,2025-02-01,9,27,2500
A01367,P0264,D19,C01,2025-11-26,75,13,2500
A00473,P0249,D05,C05,2025-04-28,48,27,4000
A01325,P0011,D10,C02,2025-11-18,19,21,3000
A01257,P0226,D08,C03,2025-10-30,0,24,4500
A00690,P0296,D02,C02,2025-06-16,24,16,4500
A00882,P0260,D03,C03,2025-07-28,15,22,3500
A01179,P0035,D11,C01,2025-10-11,25,10,4000
A01182,P0235,D02,C02,2025-10-13,14,26,4500
A00549,P0292,D15,C05,2025-05-15,105,18,3500
A01419,P0130,D07,C04,2025-12-08,7,20,2500
A00569,P0048,D16,C03,2025-05-20,61,29,3000
A00973,P0175,D02,C02,2025-08-19,46,33,4500
A00513,P0037,D08,C03,2025-05-08,2,29,4500
A00311,P0070,D18,C03,2025-03-19,0,35,5000
A00593,P0081,D13,C03,2025-05-24,6,29,2500
A01235,P0169,D18,C03,2025-10-23,17,26,5000
A01345,P0116,D06,C01,2025-11-21,2,10,5000
A00207,P0256,D18,C03,2025-02-24,67,28,5000
A01498,P0250,D09,C04,2025-12-31,9,25,3500
A00082,P0153,D09,C04,2025-01-23,34,34,3500
A01434,P0014,D13,C05,2025-12-12,41,23,2500
A00246,P0018,D06,C01,2025-03-04,2,17,5000
A01100,P0070,D08,C03,2025-09-17,78,14,4500
A00301,P0154,D20,C05,2025-03-17,50,24,4500
A01053,P0086,D06,C01,2025-09-06,11,8,5000
A00736,P0146,D13,C05,2025-06-25,1,12,2500
A00943,P0273,D16,C01,2025-08-12,10,19,3000
A01194,P0193,D16,C03,2025-10-15,48,21,3000
A00993,P0055,D08,C03,2025-08-23,14,18,4500
A00011,P0049,D08,C03,2025-01-03,6,13,4500
A00466,P0165,D04,C01,2025-04-26,55,19,3000
A01449,P0048,D04,C01,2025-12-18,11,15,3000
A00377,P0150,D10,C05,2025-04-02,16,11,3000
A00093,P0094,D09,C04,2025-01-25,28,31,3500
A01108,P0054,D07,C02,2025-09-19,28,31,2500
A01446,P0005,D18,C03,2025-12-17,-7,31,5000
A00577,P0031,D02,C02,2025-05-22,50,29,4500
A00259,P0097,D08,C03,2025-03-07,20,35,4500
A00960,P0278,D14,C04,2025-08-15,34,12,4500
A00556,P0227,D09,C04,2025-05-17,58,19,3500
A00212,P0101,D12,C02,2025-02-25,34,20,5000
A00089,P0051,D06,C01,2025-01-25,124,20,5000
A00847,P0238,D07,C04,2025-07-19,63,17,2500
A00216,P0221,D16,C03,2025-02-25,29,32,3000
A00923,P0184,D17,C02,2025-08-07,27,33,4000
A00614,P0030,D13,C05,2025-05-31,1,30,2500
A01074,P0017,D10,C05,2025-09-11,108,28,3000
A01436,P0002,D06,C01,2025-12-13,30,27,5000
A00761,P0061,D09,C04,2025-07-02,34,12,3500
A00893,P0273,D07,C04,2025-07-31,17,12,2500
A00365,P0158,D14,C04,2025-04-01,24,24,4500
A01331,P0219,D14,C04,2025-11-18,4,33,4500
A00457,P0102,D19,C04,2025-04-23,7,8,2500
A00573,P0218,D06,C01,2025-05-21,34,25,5000
A00765,P0028,D17,C02,2025-07-03,1,15,4000
A00902,P0236,D01,C03,2025-08-02,14,23,2500
A00226,P0165,D09,C04,2025-02-27,1,13,3500
A01279,P0028,D09,C04,2025-11-05,19,20,3500
A01251,P0261,D11,C01,2025-10-29,10,27,4000
A00009,P0147,D14,C04,2025-01-02,84,31,4500
A00801,P0104,D15,C05,2025-07-10,31,23,3500
A00165,P0029,D11,C01,2025-02-13,38,34,4000
A01440,P0273,D19,C01,2025-12-15,34,25,2500
A00033,P0152,D12,C02,2025-01-10,41,14,5000
A01292,P0040,D08,C03,2025-11-07,1,20,4500
A01401,P0278,D19,C04,2025-12-04,33,27,2500
A01501,P0110,D01,C03,2025-01-25,21,31,2500
A00625,P0054,D01,C03,2025-06-03,23,8,2500
A01317,P0118,D05,C05,2025-11-14,27,25,4000
A00706,P0114,D13,C05,2025-06-18,36,24,2500
A00855,P0274,D11,C01,2025-07-22,6,20,4000
A00405,P0133,D06,C01,2025-04-11,14,9,5000
A01081,P0088,D07,C02,2025-09-13,42,32,2500
A00615,P0072,D15,C05,2025-05-31,120,31,3500
A00447,P0245,D15,C05,2025-04-21,0,34,3500
A01423,P0160,D20,C05,2025-12-08,20,19,4500
A00324,P0169,D03,C03,2025-03-22,76,13,3500
A01242,P0028,D14,C04,2025-10-25,1,24,4500
A00996,P0249,D19,C04,2025-08-23,52,15,2500
A01021,P0125,D08,C03,2025-08-29,4,33,4500
A00852,P0164,D18,C03,2025-07-21,59,16,5000
A00839,P0123,D08,C03,2025-07-18,37,29,4500
A00010,P0074,D05,C05,02-Jan-2025,71,17,4000
A00968,P0179,D08,C03,2025-08-18,76,21,4500
A00389,P0160,D14,C04,2025-04-05,11,29,4500
A00073,P0295,D04,C01,2025-01-22,50,17,3000
A00651,P0028,D19,C04,2025-06-07,36,30,2500
A00369,P0174,D20,C05,2025-04-01,1,14,4500
A00714,P0117,D04,C01,2025-06-20,46,20,3000
A01261,P0234,D02,C02,2025-10-31,105,14,4500
A00985,P0277,D14,C04,21-Aug-2025,32,27,4500
A01054,P0039,D11,C01,2025-09-06,29,28,4000
A01418,P0189,D04,C04,2025-12-08,46,18,3000
A00179,P0120,D03,C03,2025-02-17,27,27,3500
A00772,P0110,D09,C04,2025-07-04,28,32,3500
A00412,P0111,D09,C04,2025-04-12,86,28,3500
A00626,P0089,D08,C03,2025-06-03,20,18,4500
A00283,P0221,D16,C01,2025-03-13,30,14,3000
A01491,P0097,D02,C02,2025-12-30,24,14,4500
A00023,P0191,D07,C02,2025-01-08,20,32,2500
A00988,P0258,D20,C05,2025-08-21,57,35,4500
A00564,P0174,D02,C02,2025-05-20,20,16,4500
A00849,P0088,D06,C01,2025-07-21,33,30,5000
A00541,P0248,D14,C04,2025-05-14,11,23,4500
A00583,P0267,D04,C01,2025-05-23,106,20,3000
A01301,P0017,D16,C01,2025-11-11,45,27,3000
A00459,P0021,D18,C03,2025-04-24,72,28,5000
A00437,P0046,D16,C03,2025-04-19,80,13,3000
A00086,P0182,D18,C03,2025-01-24,16,21,5000
A00699,P0178,D14,C04,2025-06-16,2,27,4500
A01304,P0036,D15,C05,2025-11-11,11,21,3500
A00669,P0113,D20,C05,2025-06-10,6,20,4500
A00494,P0058,D05,C05,2025-05-03,1,32,4000
A00325,P0128,D13,C05,2025-03-22,48,25,2500
A00685,P0072,D05,C05,2025-06-14,16,35,4000
A01517,P0227,D09,C04,2025-10-17,52,20,3500
A00552,P0051,D11,C01,2025-05-16,91,24,4000
A00244,P0023,D01,C01,2025-03-04,8,9,2500
A01119,P0125,D20,C05,2025-09-23,32,33,4500
A00169,P0294,D11,C01,2025-02-14,36,17,4000
A00331,P0249,D05,C05,2025-03-24,71,27,4000
A01064,P0297,D04,C01,2025-09-09,68,32,3000
A00741,P0062,D04,C01,2025-06-27,31,14,3000
A01489,P0229,D10,C05,2025-12-29,52,16,3000
A00262,P0182,D18,C03,2025-03-07,80,16,5000
A00812,P0181,D13,C03,2025-07-12,57,8,2500
A01274,P0277,D12,C02,2025-11-04,54,17,5000
A01246,P0253,D13,C05,2025-10-27,28,24,2500
A01231,P0118,D01,C03,2025-10-22,5,25,2500
A00200,P0290,D06,C01,22-Feb-2025,0,11,5000
A01427,P0243,D01,C03,2025-12-11,64,14,2500
A00648,P0164,D11,C01,2025-06-07,10,24,4000
A01024,P0160,D03,C03,2025-08-30,4,16,
A00703,P0284,D03,C03,2025-06-18,66,26,3500
A00187,P0255,D16,C03,2025-02-19,3,17,3000
A01088,P0297,D16,C03,2025-09-15,68,10,3000
A00402,P0226,D05,C05,2025-04-09,24,19,4000
A00935,P0252,D09,C04,09-Aug-2025,6,27,3500
A00854,P0022,D06,C01,2025-07-22,18,11,5000
A00794,P0010,D20,C05,2025-07-08,34,21,4500
A01459,P0245,D07,C04,2025-12-19,18,19,2500
A00606,P0085,D14,C04,2025-05-28,4,19,4500
A01149,P0112,D13,C05,2025-10-01,74,8,2500
A00078,P0103,D04,C01,2025-01-23,9,10,3000
A00519,P0093,D13,C05,2025-05-09,6,34,2500
A01322,P0062,D16,C03,2025-11-17,86,19,3000
A00745,P0262,D12,C02,2025-06-27,1,35,5000
A00936,P0067,D14,C04,2025-08-09,64,14,4500
A00218,P0286,D10,C05,2025-02-25,63,26,3000
A01171,P0185,D11,C01,2025-10-09,14,11,4000
A01431,P0097,D19,C01,2025-12-12,13,20,2500
A00680,P0259,D20,C05,2025-06-12,17,21,4500
A00866,P0178,D18,C03,2025-07-24,34,15,5000
A00081,P0119,D07,C04,2025-01-23,13,9,2500
A01482,P0244,D19,C04,2025-12-26,30,28,2500
A01038,P0059,D02,C02,04-Sep-2025,16,12,4500
A01441,P0191,D20,C05,2025-12-15,31,31,4500
A01272,P0207,D05,C05,2025-11-03,33,18,4000
A01174,P0198,D06,C01,2025-10-10,2,26,5000
A00004,P0130,D09,C04,2025-01-01,4,15,3500
A00160,P0052,D03,C03,2025-02-12,10,28,3500
A00468,P0240,D16,C01,2025-04-26,12,33,3000
A01500,P0151,D10,C05,2025-12-31,17,14,3000
A00546,P0086,D18,C03,2025-05-15,19,17,5000
A00931,P0249,D08,C03,2025-08-08,9,13,4500
A00202,P0051,D09,C04,2025-02-22,1,34,3500
A00080,P0048,D10,C02,2025-01-23,53,30,3000
A00930,P0010,D11,C01,2025-08-08,10,9,4000
A01313,P0121,D06,C01,2025-11-14,24,23,5000
A01282,P0299,D11,C01,2025-11-06,42,20,4000
A01015,P0249,D07,C02,2025-08-28,61,29,2500
A00374,P0010,D05,C05,2025-04-02,40,20,4000
A00201,P0068,D02,C02,22-Feb-2025,28,32,4500
A00600,P0093,D17,C02,2025-05-27,18,21,4000
A00495,P0122,D05,C05,2025-05-03,4,21,4000
A01395,P0021,D08,C03,2025-12-03,80,29,4500
A00387,P0122,D18,C03,2025-04-04,39,16,5000
A01017,P0149,D09,C04,2025-08-28,43,21,3500
A01291,P0130,D03,C03,2025-11-07,22,9,3500
A01297,P0004,D12,C02,2025-11-10,1,23,5000
A00276,P0128,D01,C03,2025-03-11,24,9,2500
A00059,P0050,D02,C02,2025-01-18,17,20,4500
A01490,P0103,D16,C01,2025-12-30,90,25,3000
A01464,P0183,D06,C01,2025-12-22,-23,25,5000
A01019,P0153,D16,C01,2025-08-29,7,11,3000
A01368,P0090,D10,C02,2025-11-26,11,30,3000
A01172,P0292,D02,C02,2025-10-09,0,14,4500
A00420,P0191,D18,C03,2025-04-15,99,29,5000
A01351,P0090,D16,C03,2025-11-21,45,24,3000
A01339,P0295,D15,C05,2025-11-19,28,11,3500
A00571,P0009,D09,C04,2025-05-20,32,15,3500
A00015,P0096,D19,C04,2025-01-03,32,35,2500
A00016,P0005,D15,C05,2025-01-03,26,28,3500
A00087,P0179,D14,C04,2025-01-24,43,20,4500
A00576,P0174,D19,C01,2025-05-22,5,26,2500
A00341,P0020,D05,C05,2025-03-26,180,33,4000
A00788,P0283,D01,C03,2025-07-08,15,27,2500
A01117,P0138,D14,C04,2025-09-23,4,16,4500
A00415,P0119,D01,C01,2025-04-14,73,32,2500
A00255,P0066,D10,C02,2025-03-06,48,30,3000
A01073,P0185,D05,C05,11-Sep-2025,16,33,4000
A00025,P0155,D17,C02,2025-01-08,7,15,4000
A00130,P0255,D16,C03,2025-02-04,96,19,3000
A00883,P0178,D13,C03,2025-07-28,41,29,2500
A01267,P0266,D10,C05,2025-11-01,46,13,3000
A00314,P0063,D05,C05,2025-03-19,28,25,4000
A00261,P0264,D16,C03,2025-03-07,18,19,3000
A00056,P0055,D09,C04,2025-01-17,7,26,3500
A00482,P0228,D20,C05,2025-04-29,76,23,4500
A00410,P0141,D08,C03,2025-04-12,5,22,4500
A00869,P0127,D20,C05,2025-07-24,30,31,4500
A00058,P0033,D04,C01,2025-01-18,46,30,3000
A00148,P0149,D04,C04,2025-02-08,13,17,3000
A00333,P0137,D20,C05,2025-03-24,8,25,4500
A00488,P0218,D12,C02,2025-05-02,1,27,5000
A00716,P0061,D15,C05,2025-06-20,59,16,3500
A01222,P0050,D11,C01,2025-10-21,3,19,4000
A01505,P0200,D11,C01,2025-06-23,19,9,4000
A00242,P0003,D20,C05,2025-03-03,13,25,4500
A00199,P0295,D04,C01,22-Feb-2025,2,12,3000
A01183,P0035,D20,C05,2025-10-13,12,22,4500
A00881,P0232,D10,C02,2025-07-28,23,17,3000
A00939,P0001,D01,C03,2025-08-11,34,32,2500
A01486,P0258,D03,C03,2025-12-29,109,15,3500
A01096,P0218,D20,C05,2025-09-16,0,34,4500
A00490,P0031,D18,C03,2025-05-02,32,17,5000
A01236,P0153,D04,C04,2025-10-23,180,16,3000
A01104,P0103,D13,C03,2025-09-18,57,12,2500
A00909,P0266,D03,C03,2025-08-05,82,27,3500
A00232,P0290,D06,C01,2025-03-01,34,30,5000
A00146,P0123,D13,C03,2025-02-08,33,12,2500
A00769,P0047,D06,C01,2025-07-04,8,21,5000
A00891,P0196,D03,C03,2025-07-31,33,27,3500
A00533,P0277,D11,C01,2025-05-13,1,11,4000
A01152,P0037,D17,C02,2025-10-02,9,32,4000
A00028,P0001,D11,C01,2025-01-10,8,19,4000
A01201,P0165,D16,C03,2025-10-17,8,26,3000
A00195,P0169,D08,C03,2025-02-21,79,32,4500
A00900,P0146,D01,C01,2025-08-02,5,27,2500
A00748,P0263,D15,C05,2025-06-27,56,14,3500
A00797,P0067,D20,C05,2025-07-09,2,26,4500
A01344,P0221,D16,C03,2025-11-20,95,23,3000
A00697,P0092,D09,C04,2025-06-16,131,19,3500
A01513,P0085,D07,C02,2025-08-22,16,15,2500
A00041,P0295,D10,C02,2025-01-13,52,34,3000
A01020,P0207,D03,C03,2025-08-29,21,8,3500
A00085,P0084,D17,C02,2025-01-24,102,18,4000
A00601,P0056,D09,C04,2025-05-27,27,28,3500
A01428,P0066,D04,C04,2025-12-11,117,15,3000
A00450,P0019,D10,C05,2025-04-22,11,12,3000
A00582,P0029,D14,C04,2025-05-22,10,11,4500
A01112,P0190,D18,C03,20-Sep-2025,18,21,5000
A00268,P0040,D20,C05,2025-03-08,17,22,4500
A01334,P0220,D11,C01,2025-11-19,8,27,4000
A00906,P0038,D18,C03,2025-08-04,115,25,5000
A01168,P0207,D20,C05,2025-10-07,72,22,4500
A00889,P0025,D01,C03,2025-07-31,3,27,2500
A00696,P0287,D18,C03,2025-06-16,17,11,5000
A00578,P0203,D17,C02,2025-05-22,55,8,4000
A01042,P0157,D10,C05,2025-09-04,15,27,3000
A00538,P0222,D07,C02,2025-05-14,24,24,2500
A00530,P0181,D19,C01,2025-05-12,91,17,2500
A01357,P0297,D10,C05,2025-11-24,22,11,3000
A00875,P0184,D11,C01,2025-07-26,3,20,4000
A00792,P0070,D09,C04,2025-07-08,1,12,3500
A00372,P0198,D13,C03,2025-04-02,0,21,2500
A00278,P0070,D01,C01,2025-03-12,40,17,2500
A00306,P0005,D14,C04,2025-03-18,37,28,4500
A00233,P0248,D19,C01,2025-03-01,29,21,2500
A01260,P0121,D02,C02,2025-10-31,82,13,4500
A00026,P0127,D09,C04,2025-01-09,31,31,3500
A00958,P0245,D15,C05,2025-08-14,20,28,3500
A00832,P0285,D17,C02,2025-07-17,141,15,4000
A00604,P0002,D08,C03,2025-05-28,2,18,4500
A00763,P0270,D06,C01,2025-07-03,13,20,5000
A00737,P0214,D12,C02,2025-06-26,12,33,5000
A00470,P0261,D20,C05,2025-04-26,35,25,4500
A01185,P0231,D17,C02,2025-10-14,108,19,4000
A01463,P0122,D01,C01,2025-12-22,24,33,2500
A00006,P0034,D07,C02,2025-01-02,39,34,2500
A01186,P0072,D07,C04,2025-10-14,27,14,2500
A01145,P0238,D15,C05,2025-09-30,10,20,3500
A00181,P0221,D01,C01,2025-02-18,56,28,2500
A01250,P0187,D13,C05,2025-10-28,33,11,2500
A00663,P0300,D18,C03,2025-06-10,36,12,5000
A00595,P0262,D01,C03,2025-05-26,41,32,2500
A00208,P0092,D04,C04,2025-02-24,23,17,3000
A00892,P0283,D08,C03,2025-07-31,85,33,4500
A01299,P0205,D17,C02,2025-11-10,11,17,4000
A01196,P0293,D02,C02,2025-10-16,22,20,4500
A01417,P0224,D03,C03,2025-12-08,76,35,3500
A01189,P0049,D11,C01,2025-10-15,35,16,4000
A00818,P0196,D17,C02,2025-07-14,45,10,4000
A00289,P0176,D20,C05,2025-03-13,28,23,4500
A01496,P0174,D13,C03,2025-12-31,29,22,2500
A00436,P0252,D08,C03,2025-04-19,40,15,4500
A00921,P0087,D12,C02,2025-08-07,70,22,5000
A01125,P0284,D09,C04,2025-09-25,16,27,3500
A00946,P0151,D19,C04,2025-08-12,15,14,2500
A00097,P0082,D02,C02,2025-01-28,14,23,4500
A00062,P0163,D08,C03,2025-01-20,12,20,4500
A01206,P0233,D20,C05,2025-10-17,29,13,
A01409,P0294,D17,C02,2025-12-06,64,30,4000
A00980,P0267,D09,C04,2025-08-20,14,28,3500
A00254,P0052,D10,C02,2025-03-06,31,22,3000
A00566,P0255,D10,C02,2025-05-20,1,13,3000
A00243,P0057,D20,C05,2025-03-03,55,13,4500
A01061,P0006,D19,C01,2025-09-08,9,35,2500
A00841,P0096,D09,C04,2025-07-18,5,23,3500
A00999,P0232,D07,C04,2025-08-25,3,35,2500
A00076,P0063,D18,C03,2025-01-22,13,10,5000
A00698,P0171,D14,C04,2025-06-16,43,14,4500
A01381,P0283,D14,C04,2025-11-28,131,25,4500
A00796,P0224,D05,C05,2025-07-09,7,23,4000
A00090,P0102,D06,C01,2025-01-25,7,15,5000
A00092,P0145,D13,C03,2025-01-25,20,20,2500
A01293,P0113,D07,C04,2025-11-07,156,34,2500
A01485,P0179,D15,C05,2025-12-27,10,12,3500
A01094,P0036,D18,C03,2025-09-16,13,13,5000
A00584,P0255,D19,C01,2025-05-23,2,29,2500
A00247,P0169,D11,C01,2025-03-04,25,18,4000
A00554,P0232,D04,C01,2025-05-17,11,31,3000
A00230,P0278,D12,C02,2025-02-28,9,31,5000
A01438,P0096,D08,C03,2025-12-13,167,8,4500
A00512,P0060,D17,C02,2025-05-08,6,28,4000
A00910,P0008,D14,C04,2025-08-05,1,32,4500
A00870,P0207,D02,C02,2025-07-25,2,15,4500
A00684,P0122,D19,C04,2025-06-14,49,28,2500
A00655,P0037,D02,C02,2025-06-09,1,28,4500
A00711,P0016,D01,C03,2025-06-19,18,31,2500
A00266,P0075,D01,C03,2025-03-08,30,27,2500
A00798,P0203,D06,C01,2025-07-10,29,26,5000
A01106,P0145,D09,C04,2025-09-18,9,8,3500
A00448,P0182,D01,C03,2025-04-22,7,12,2500
A01503,P0028,D19,C04,2025-06-07,36,30,2500
A00344,P0271,D16,C03,2025-03-27,19,9,3000
A00361,P0057,D19,C04,2025-03-31,12,29,2500
A01384,P0142,D04,C01,2025-12-01,16,24,3000
A00982,P0044,D13,C05,2025-08-20,31,22,2500
A00253,P0296,D02,C02,2025-03-06,2,10,4500
A00941,P0118,D01,C01,2025-08-12,18,30,2500
A00671,P0086,D02,C02,2025-06-11,9,34,4500
A01314,P0183,D06,C01,2025-11-14,57,26,5000
A01069,P0211,D01,C01,2025-09-11,4,17,2500
A01396,P0137,D13,C03,2025-12-03,7,10,2500
A01023,P0202,D14,C04,2025-08-29,15,13,4500
A01305,P0110,D06,C01,2025-11-12,18,27,5000
A01000,P0001,D09,C04,2025-08-25,0,8,3500
A00153,P0118,D02,C02,2025-02-10,159,25,4500
A00103,P0069,D11,C01,2025-01-29,5,27,4000
A01371,P0003,D12,C02,2025-11-27,14,9,5000
A00742,P0104,D04,C01,2025-06-27,114,18,3000
A01342,P0248,D19,C01,2025-11-20,91,15,2500
A00476,P0063,D06,C01,2025-04-29,35,11,5000
A00656,P0149,D10,C02,2025-06-09,14,13,3000
A00647,P0163,D18,C03,2025-06-06,11,31,5000
A00826,P0108,D18,C03,2025-07-16,52,26,5000
A00597,P0118,D14,C04,2025-05-26,0,30,4500
A00141,P0240,D16,C01,2025-02-07,7,30,3000
A01190,P0259,D11,C01,2025-10-15,58,27,4000
A00403,P0100,D09,C04,2025-04-10,12,15,3500
A00150,P0110,D19,C04,08-Feb-2025,27,13,2500
A00799,P0097,D18,C03,2025-07-10,19,10,5000
A01161,P0208,D11,C01,2025-10-06,4,14,4000
A01302,P0017,D10,C02,2025-11-11,5,16,3000
A01079,P0138,D05,C05,2025-09-12,14,11,4000
A00330,P0293,D09,C04,2025-03-24,73,31,3500
A00491,P0117,D10,C05,02-May-2025,9,26,3000
A00012,P0225,D13,C03,2025-01-03,97,11,2500
A00865,P0021,D07,C02,2025-07-24,0,9,2500
A00874,P0280,D14,C04,2025-07-25,4,28,4500
A00115,P0055,D09,C04,2025-01-30,146,10,3500
A01380,P0249,D08,C03,2025-11-28,132,12,4500
A00017,P0206,D03,C03,2025-01-04,44,14,3500
A00217,P0271,D07,C04,2025-02-25,13,24,2500
A01223,P0061,D11,C01,2025-10-21,26,11,4000
A00753,P0278,D20,C05,2025-06-28,22,12,4500
A00400,P0027,D18,C03,2025-04-08,60,35,5000
A01416,P0102,D17,C02,2025-12-08,2,21,4000
A00339,P0160,D17,C02,2025-03-26,21,35,4000
A00398,P0235,D17,C02,2025-04-08,36,18,4000
A01034,P0023,D15,C05,2025-09-02,31,28,3500
A00898,P0262,D05,C05,2025-08-01,16,31,4000
A00544,P0146,D12,C02,2025-05-15,7,21,5000
A00965,P0195,D11,C01,2025-08-18,4,12,4000
A00251,P0078,D01,C01,2025-03-06,45,14,2500
A00956,P0235,D13,C05,2025-08-14,47,22,2500
A01468,P0200,D05,C05,2025-12-23,29,19,4000
A00322,P0087,D11,C01,2025-03-22,27,23,4000
A01158,P0274,D18,C03,2025-10-03,37,32,5000
A00642,P0170,D20,C05,2025-06-05,95,29,4500
A00213,P0107,D12,C02,2025-02-25,1,12,5000
A01495,P0033,D10,C02,2025-12-31,15,28,3000
A01215,P0118,D11,C01,2025-10-20,27,14,4000
A00802,P0077,D06,C01,2025-07-11,10,25,5000
A00222,P0197,D03,C03,2025-02-26,3,35,3500
A00108,P0046,D15,C05,2025-01-29,52,32,3500
A01210,P0221,D10,C02,2025-10-18,14,33,3000
A00585,P0111,D16,C03,2025-05-23,26,17,3000
A01077,P0167,D02,C02,2025-09-12,32,28,4500
A01137,P0189,D15,C05,2025-09-27,8,9,3500
A01102,P0188,D14,C04,2025-09-17,57,12,4500
A00239,P0100,D20,C05,2025-03-01,39,30,4500
A00152,P0130,D06,C01,2025-02-10,51,33,5000
A01307,P0037,D12,C02,2025-11-12,77,32,5000
A00127,P0270,D17,C02,2025-02-03,109,31,4000
A01295,P0185,D07,C02,2025-11-08,23,11,2500
A01120,P0279,D18,C03,2025-09-24,17,33,5000
A00806,P0249,D08,C03,2025-07-11,3,26,4500
A01420,P0265,D09,C04,2025-12-08,-8,33,3500
A00500,P0023,D14,C04,2025-05-06,5,25,4500
A00496,P0123,D09,C04,2025-05-05,15,20,3500
A00338,P0110,D06,C01,2025-03-26,28,15,5000
A00967,P0157,D10,C02,2025-08-18,37,27,3000
A01115,P0196,D14,C04,2025-09-22,14,13,4500
A01180,P0158,D17,C02,2025-10-11,32,21,4000
A00836,P0202,D06,C01,2025-07-18,28,23,5000
A00861,P0110,D12,C02,2025-07-23,63,13,5000
A00658,P0168,D14,C04,2025-06-09,5,33,4500
A00005,P0253,D06,C01,2025-01-02,2,24,5000
A00334,P0165,D10,C02,2025-03-25,30,26,3000
A01230,P0236,D12,C02,2025-10-22,27,30,5000
A00428,P0134,D09,C04,2025-04-16,79,13,3500
A01398,P0153,D04,C01,2025-12-04,89,27,3000
A01199,P0245,D11,C01,2025-10-17,60,14,4000
A00804,P0016,D02,C02,2025-07-11,33,12,4500
A01433,P0063,D14,C04,12-Dec-2025,28,26,4500
A00631,P0135,D11,C01,2025-06-04,51,23,4000
A00830,P0179,D19,C01,2025-07-17,16,15,2500
A01191,P0072,D17,C02,2025-10-15,87,18,4000
A01507,P0081,D01,C03,2025-06-28,55,17,2500
A01107,P0166,D19,C01,2025-09-19,15,31,2500
A00167,P0025,D03,C03,2025-02-13,19,25,3500
A00038,P0045,D06,C01,2025-01-11,22,11,5000
A00738,P0138,D01,C03,2025-06-26,4,21,2500
A00204,P0287,D11,C01,2025-02-24,59,18,4000
A00661,P0276,D12,C02,2025-06-10,15,9,5000
A01276,P0117,D04,C04,2025-11-04,20,12,3000
A00480,P0210,D10,C05,2025-04-29,25,11,3000
A00878,P0019,D10,C05,26-Jul-2025,32,12,3000
A00451,P0264,D15,C05,2025-04-22,13,32,3500
A00096,P0144,D02,C02,2025-01-27,28,26,4500
A01225,P0193,D10,C02,2025-10-21,22,14,3000
A01144,P0082,D03,C03,2025-09-30,50,19,3500
A00430,P0089,D11,C01,2025-04-17,15,27,4000
A00771,P0225,D07,C02,2025-07-04,3,10,2500
A00636,P0202,D19,C04,2025-06-04,40,21,2500
A00990,P0085,D07,C02,2025-08-22,16,15,2500
A00327,P0256,D11,C01,2025-03-24,9,34,4000
A00917,P0172,D14,C04,2025-08-06,29,22,4500
A00203,P0181,D05,C05,2025-02-22,17,30,4000
A01214,P0189,D15,C05,2025-10-18,14,11,3500
A00172,P0170,D03,C03,2025-02-14,1,24,3500
A00666,P0066,D10,C05,2025-06-10,35,11,3000
A00192,P0225,D04,C01,2025-02-20,10,9,3000
A00702,P0088,D17,C02,2025-06-18,26,16,4000
A00834,P0143,D07,C04,2025-07-17,26,19,2500
A00292,P0157,D13,C03,2025-03-15,14,23,2500
A00223,P0225,D04,C04,2025-02-26,80,23,3000
A00170,P0185,D19,C01,2025-02-14,40,32,2500
A00823,P0080,D09,C04,2025-07-15,9,14,3500
A00126,P0101,D07,C02,2025-02-03,26,23,2500
A00727,P0295,D16,C03,2025-06-24,4,12,3000
A00439,P0167,D05,C05,2025-04-19,14,26,4000
A00605,P0188,D09,C04,2025-05-28,37,27,3500
A00021,P0015,D14,C04,2025-01-07,141,12,4500
A00790,P0125,D08,C03,2025-07-08,7,18,4500
A01422,P0194,D13,C05,2025-12-08,23,18,2500
A00008,P0282,D09,C04,2025-01-02,103,35,3500
A00675,P0240,D15,C05,2025-06-11,55,27,3500
A00231,P0182,D07,C04,2025-02-28,28,26,2500
A01447,P0235,D14,C04,2025-12-17,10,31,4500
A00728,P0252,D14,C04,2025-06-24,70,30,4500
A00351,P0157,D10,C05,2025-03-28,70,25,3000
A00132,P0004,D14,C04,2025-02-04,32,30,4500
A00719,P0200,D11,C01,2025-06-23,19,9,4000
A00288,P0255,D10,C05,2025-03-13,74,20,3000
A00299,P0164,D08,C03,2025-03-17,20,14,4500
A01391,P0062,D01,C01,2025-12-03,7,21,2500
A00258,P0082,D17,C02,2025-03-07,55,20,4000
A01511,P0260,D03,C03,2025-07-28,15,22,3500
A00316,P0255,D03,C03,2025-03-20,22,11,3500
A01208,P0069,D11,C01,2025-10-18,12,9,4000
A00732,P0057,D18,C03,2025-06-25,14,29,5000
A01475,P0169,D17,C02,2025-12-25,86,25,4000
A00957,P0233,D15,C05,2025-08-14,62,9,3500
A01474,P0215,D02,C02,2025-12-25,15,12,4500
A00937,P0017,D10,C05,2025-08-09,44,22,3000
A01052,P0269,D20,C05,2025-09-05,67,34,4500
A00423,P0253,D19,C04,2025-04-15,26,19,
A00750,P0083,D02,C02,2025-06-28,180,9,4500
A01408,P0166,D07,C02,2025-12-06,-20,28,2500
A00915,P0031,D03,C03,2025-08-06,11,9,3500
A00805,P0288,D10,C02,2025-07-11,9,31,3000
A00140,P0145,D15,C05,2025-02-06,29,20,3500
A01281,P0225,D04,C01,2025-11-06,4,25,3000
A00124,P0165,D16,C01,03-Feb-2025,39,27,3000
A01006,P0107,D12,C02,2025-08-26,11,30,5000
A00800,P0091,D14,C04,2025-07-10,42,18,4500
A01294,P0043,D19,C01,2025-11-08,33,27,2500
A01197,P0135,D17,C02,2025-10-16,9,16,4000
A00308,P0271,D04,C01,2025-03-19,22,8,3000
A00360,P0125,D12,C02,2025-03-31,1,32,5000
A01028,P0020,D17,C02,2025-09-01,8,8,4000
A00121,P0285,D12,C02,2025-02-01,6,20,5000
A00183,P0189,D16,C03,2025-02-18,9,23,3000
A00781,P0084,D11,C01,2025-07-07,19,8,4000
A00350,P0201,D14,C04,2025-03-28,25,21,4500
A00592,P0036,D01,C03,2025-05-24,21,22,2500
A00540,P0194,D14,C04,2025-05-14,7,15,4500
A01218,P0049,D14,C04,2025-10-20,132,29,4500
A00396,P0267,D19,C01,2025-04-08,36,33,2500
A00335,P0260,D12,C02,2025-03-25,39,23,5000
A01456,P0300,D05,C05,2025-12-18,4,29,4000
A00401,P0244,D07,C04,2025-04-09,4,21,2500
A00035,P0088,D18,C03,2025-01-10,111,25,5000
A00925,P0022,D18,C03,2025-08-07,21,25,5000
A00384,P0133,D02,C02,2025-04-04,30,9,4500
A01045,P0104,D16,C01,2025-09-05,114,34,3000
A00514,P0210,D07,C04,2025-05-08,41,28,2500
A01286,P0114,D07,C04,2025-11-06,19,18,2500
A00282,P0072,D07,C04,2025-03-12,29,8,2500
A00030,P0114,D02,C02,2025-01-10,97,9,4500
A01083,P0250,D03,C03,2025-09-13,13,16,3500
A00348,P0185,D07,C02,2025-03-28,1,17,2500
A00677,P0271,D04,C04,2025-06-12,20,31,3000
A01415,P0292,D02,C02,2025-12-08,88,15,4500
A00191,P0107,D20,C05,2025-02-19,14,22,4500
A00375,P0040,D05,C05,2025-04-02,11,15,4000
A01359,P0229,D16,C01,2025-11-25,93,20,3000
A00286,P0053,D13,C03,13-Mar-2025,13,9,2500
A00055,P0152,D14,C04,2025-01-16,15,28,4500
A00129,P0230,D20,C05,2025-02-03,0,31,4500
A00776,P0066,D04,C01,2025-07-05,43,30,3000
A00186,P0025,D02,C02,2025-02-19,46,14,4500
A00952,P0079,D10,C05,2025-08-13,32,27,3000
A00383,P0028,D09,C04,03-Apr-2025,19,9,3500
A01290,P0224,D12,C02,2025-11-07,9,25,5000
A00563,P0173,D02,C02,2025-05-20,22,35,4500
A01013,P0175,D06,C01,2025-08-28,83,19,5000
A00715,P0080,D09,C04,2025-06-20,6,22,
A00105,P0252,D12,C02,2025-01-29,7,25,5000
A01499,P0242,D19,C04,2025-12-31,3,20,2500
A00914,P0220,D01,C01,2025-08-06,132,34,2500
A00238,P0096,D07,C04,2025-03-01,28,10,2500
A00043,P0247,D18,C03,2025-01-13,51,8,5000
A00673,P0244,D13,C03,2025-06-11,55,20,2500
A00145,P0252,D11,C01,2025-02-08,76,17,4000
A01483,P0299,D07,C02,2025-12-27,38,15,2500
A00224,P0118,D19,C04,2025-02-26,43,15,2500
A00386,P0034,D18,C03,2025-04-04,23,27,5000
A00838,P0231,D17,C02,2025-07-18,35,12,4000
A00229,P0101,D07,C02,2025-02-28,39,34,2500
A01289,P0049,D01,C01,2025-11-07,37,8,2500
A00320,P0189,D01,C03,2025-03-21,28,29,2500
A01122,P0114,D14,C04,2025-09-24,52,24,4500
A00553,P0188,D12,C02,2025-05-16,82,31,5000
A01443,P0210,D03,C03,2025-12-16,5,20,3500
A00111,P0257,D02,C02,2025-01-30,6,11,4500
A01335,P0100,D01,C03,2025-11-19,2,31,2500
A01504,P0284,D03,C03,2025-06-18,66,26,3500
A00300,P0054,D07,C04,2025-03-17,9,19,2500
A00730,P0191,D12,C02,2025-06-25,24,18,5000
A01166,P0134,D12,C02,2025-10-07,41,23,5000
A00357,P0048,D10,C05,2025-03-29,11,30,3000
A01050,P0297,D16,C03,2025-09-05,29,25,3000
A00354,P0131,D20,C05,2025-03-28,35,35,4500
A00961,P0200,D06,C01,2025-08-16,11,10,5000
A00263,P0218,D13,C05,2025-03-07,5,18,2500
A00749,P0087,D19,C01,28-Jun-2025,34,25,2500
A01255,P0068,D01,C01,2025-10-30,22,9,2500
A00995,P0124,D19,C04,2025-08-23,12,33,2500
A01098,P0092,D10,C02,2025-09-17,8,9,3000
A01187,P0241,D15,C05,2025-10-14,35,25,3500
A00462,P0260,D07,C02,2025-04-25,28,17,2500
A01078,P0100,D09,C04,2025-09-12,1,25,3500
A00110,P0235,D06,C01,2025-01-30,19,8,5000
A01135,P0093,D05,C05,2025-09-27,56,22,4000
A01349,P0063,D03,C03,2025-11-21,13,27,3500
A01065,P0142,D16,C03,2025-09-09,2,11,3000
A01216,P0022,D13,C03,2025-10-20,4,31,2500
A00271,P0300,D19,C01,2025-03-10,21,24,2500
A00817,P0155,D17,C02,2025-07-14,0,23,4000
A00523,P0160,D11,C01,2025-05-10,28,23,4000
A01217,P0276,D07,C04,2025-10-20,13,29,2500
A00989,P0075,D16,C01,2025-08-22,180,35,3000
A01085,P0127,D05,C05,2025-09-13,41,17,4000
A00366,P0166,D14,C04,2025-04-01,52,17,4500
A01287,P0236,D19,C04,2025-11-06,28,31,2500
A00734,P0264,D04,C04,2025-06-25,84,16,3000
A01382,P0016,D12,C02,2025-11-29,7,31,5000
A00257,P0099,D12,C02,07-Mar-2025,0,17,5000
A00896,P0234,D02,C02,2025-08-01,40,22,4500
A01457,P0227,D15,C05,2025-12-18,66,30,3500
A00394,P0046,D04,C04,2025-04-07,9,27,3000
A00638,P0118,D17,C02,2025-06-05,9,24,4000
A00342,P0114,D05,C05,2025-03-26,8,34,4000
A00594,P0179,D17,C02,2025-05-26,170,24,4000
A01444,P0129,D04,C04,2025-12-16,5,28,3000
A00277,P0096,D15,C05,2025-03-11,0,30,3500
A00949,P0069,D11,C01,2025-08-13,20,29,4000
A01124,P0062,D03,C03,2025-09-25,6,19,3500
A00579,P0039,D03,C03,2025-05-22,9,24,3500
A00824,P0264,D04,C01,2025-07-16,60,16,3000
A00897,P0086,D14,C04,2025-08-01,60,21,4500
A00168,P0216,D09,C04,2025-02-13,12,19,3500
A01467,P0154,D18,C03,2025-12-23,28,29,5000
A00487,P0121,D14,C04,2025-05-01,31,29,4500
A01198,P0166,D07,C04,2025-10-16,20,30,2500
A00046,P0220,D17,C02,2025-01-14,58,16,4000
A00942,P0187,D04,C01,2025-08-12,6,23,3000
A00947,P0191,D13,C05,2025-08-12,34,26,2500
A00157,P0153,D16,C01,2025-02-12,16,28,3000
A00558,P0244,D02,C02,2025-05-19,39,8,4500
A00953,P0042,D02,C02,2025-08-14,11,30,4500
A01047,P0182,D19,C01,2025-09-05,53,18,2500
A00355,P0041,D05,C05,2025-03-29,3,17,4000
A00795,P0260,D07,C02,2025-07-09,12,34,2500
A00154,P0123,D12,C02,2025-02-10,156,12,5000
A00143,P0192,D08,C03,2025-02-07,10,22,4500
A01071,P0119,D09,C04,2025-09-11,24,13,3500
A01308,P0062,D04,C04,2025-11-12,15,25,3000
A00485,P0185,D12,C02,2025-05-01,2,29,5000
A00034,P0266,D16,C03,2025-01-10,41,29,3000
A00464,P0236,D14,C04,2025-04-25,32,29,4500
A00650,P0075,D07,C02,2025-06-07,50,32,2500
A00613,P0266,D10,C05,2025-05-31,80,9,3000
A00862,P0257,D13,C03,2025-07-23,31,12,2500
A01105,P0076,D18,C03,2025-09-18,56,34,5000
A00725,P0058,D01,C03,2025-06-24,7,19,2500
A00744,P0235,D11,C01,2025-06-27,111,26,4000
A00370,P0046,D16,C01,2025-04-02,51,17,3000
A00088,P0286,D15,C05,2025-01-24,12,22,3500
A00955,P0065,D13,C03,14-Aug-2025,25,15,2500
A01365,P0257,D06,C01,2025-11-26,17,30,5000
A01469,P0241,D11,C01,2025-12-24,5,14,4000
A00814,P0272,D05,C05,12-Jul-2025,56,10,4000
A00516,P0016,D15,C05,08-May-2025,106,11,3500
A01264,P0133,D18,C03,2025-10-31,20,23,5000
A00414,P0032,D01,C01,2025-04-14,60,21,2500
A01143,P0133,D17,C02,2025-09-30,25,11,4000
A00134,P0078,D12,C02,2025-02-05,37,11,5000
A00873,P0189,D04,C04,2025-07-25,7,28,3000
A00029,P0187,D16,C01,2025-01-10,39,20,3000
A00844,P0114,D03,C03,2025-07-19,18,12,3500
A01123,P0267,D10,C02,2025-09-25,39,15,3000
A00353,P0233,D13,C05,2025-03-28,13,32,2500
A01127,P0007,D06,C01,2025-09-26,32,27,5000
A00724,P0230,D11,C01,2025-06-24,74,27,4000
A01176,P0281,D05,C05,2025-10-10,31,23,4000
A00290,P0149,D10,C02,2025-03-14,28,23,3000
A00708,P0055,D06,C01,2025-06-19,3,17,5000
A01414,P0132,D19,C04,2025-12-06,32,15,2500
A00811,P0298,D01,C03,2025-07-12,15,17,2500
A00303,P0032,D02,C02,2025-03-18,18,31,4500
A01262,P0253,D07,C02,2025-10-31,31,11,2500
A01169,P0075,D16,C01,2025-10-08,154,31,3000
A01383,P0227,D09,C04,2025-11-29,32,13,3500
A00305,P0069,D08,C03,2025-03-18,5,10,4500
A00162,P0189,D04,C04,2025-02-12,4,18,3000
A00877,P0173,D19,C04,26-Jul-2025,56,27,2500
A01268,P0015,D15,C05,2025-11-01,31,11,3500
A00047,P0011,D16,C03,2025-01-14,24,19,3000
A00060,P0093,D14,C04,2025-01-18,141,14,4500
A00107,P0073,D13,C05,2025-01-29,13,13,2500
A00032,P0083,D12,C02,2025-01-10,15,33,5000
A01520,P0189,D13,C03,2025-10-30,57,27,2500
A01089,P0197,D15,C05,2025-09-15,85,28,3500
A01165,P0256,D06,C01,2025-10-07,48,11,5000
A01461,P0260,D17,C02,2025-12-20,65,20,4000
A00859,P0252,D06,C01,2025-07-23,5,14,
A00848,P0176,D09,C04,2025-07-19,48,34,3500
A00418,P0265,D08,C03,2025-04-15,48,29,4500
A01029,P0098,D17,C02,2025-09-01,27,21,4000
A00003,P0274,D13,C03,2025-01-01,5,13,2500
A00977,P0226,D20,C05,2025-08-19,73,15,4500
A00211,P0240,D13,C05,2025-02-24,1,15,2500
A00326,P0217,D06,C01,2025-03-24,64,8,5000
A00142,P0243,D17,C02,2025-02-07,42,23,4000
A00188,P0293,D18,C03,2025-02-19,5,22,5000
A00810,P0234,D20,C05,2025-07-11,44,25,4500
A01403,P0108,D06,C01,2025-12-05,80,27,5000
A01340,P0119,D01,C01,2025-11-20,1,29,2500
A01306,P0169,D07,C02,2025-11-12,-30,34,2500
A01220,P0273,D15,C05,2025-10-20,33,23,3500
A00618,P0166,D20,C05,31-May-2025,12,21,4500
A01439,P0193,D16,C01,2025-12-15,16,24,3000
A01162,P0079,D10,C02,06-Oct-2025,35,18,3000
A00687,P0247,D15,C05,2025-06-14,15,13,3500
A00545,P0041,D17,C02,2025-05-15,9,25,4000
A01320,P0055,D03,C03,2025-11-17,22,24,3500
A01041,P0185,D08,C03,2025-09-04,50,34,4500
A01036,P0135,D08,C03,2025-09-03,49,14,4500
A00924,P0060,D13,C03,2025-08-07,14,34,2500
A01509,P0207,D02,C02,2025-07-25,2,15,4500
A00850,P0099,D12,C02,2025-07-21,17,18,
A01159,P0111,D16,C01,2025-10-04,21,20,3000
A00831,P0076,D17,C02,2025-07-17,41,13,4000
A01219,P0257,D14,C04,2025-10-20,16,24,4500
A00608,P0179,D17,C02,2025-05-29,24,9,4000
A00013,P0109,D18,C03,2025-01-03,7,22,5000
A00274,P0074,D12,C02,2025-03-11,11,34,5000
A00373,P0292,D07,C04,2025-04-02,2,25,2500
A00813,P0246,D04,C04,2025-07-12,15,25,3000
A00071,P0011,D10,C05,2025-01-21,57,32,3000
A01404,P0148,D09,C04,2025-12-05,55,35,3500
A00101,P0096,D13,C05,2025-01-28,34,29,2500
A01132,P0275,D12,C02,2025-09-27,20,14,5000
A00759,P0212,D03,C03,2025-07-02,3,22,3500
A00695,P0246,D16,C03,2025-06-16,3,21,3000
A01522,P0075,D10,C02,2025-11-20,93,32,3000
A00532,P0073,D20,C05,12-May-2025,17,10,4500
A00712,P0162,D14,C04,2025-06-19,0,16,4500
A01328,P0189,D16,C03,2025-11-18,48,25,3000
A00895,P0258,D06,C01,2025-08-01,3,33,5000
A01284,P0168,D08,C03,2025-11-06,0,29,4500
A01354,P0159,D02,C02,2025-11-22,56,16,4500
A00733,P0191,D18,C03,2025-06-25,33,26,5000
A00084,P0171,D12,C02,2025-01-24,21,27,5000
A01138,P0005,D12,C02,2025-09-29,16,21,5000
A00449,P0102,D03,C03,22-Apr-2025,74,35,3500
A00446,P0236,D13,C05,2025-04-21,29,16,2500
A01435,P0211,D13,C05,2025-12-12,21,26,2500
A00424,P0128,D05,C05,2025-04-15,13,8,4000
A00147,P0252,D13,C03,2025-02-08,32,14,2500
A00916,P0221,D04,C04,2025-08-06,16,27,3000
A00938,P0047,D12,C02,2025-08-11,16,21,5000
A00379,P0090,D03,C03,2025-04-03,18,17,3500
A01156,P0259,D12,C02,2025-10-03,11,15,5000
A00694,P0230,D17,C02,2025-06-16,15,29,4000
A00646,P0140,D18,C03,2025-06-06,6,17,5000
A00456,P0032,D14,C04,2025-04-23,32,16,4500
A00321,P0068,D01,C01,2025-03-22,42,25,2500
A01481,P0267,D16,C03,2025-12-26,39,19,3000
A00994,P0110,D08,C03,2025-08-23,31,21,4500
A00067,P0044,D02,C02,2025-01-21,118,16,4500
A00833,P0249,D18,C03,2025-07-17,12,29,5000
A01508,P0179,D19,C01,2025-07-17,16,15,2500
A01378,P0269,D19,C01,2025-11-28,76,11,2500
A01352,P0146,D18,C03,2025-11-21,12,19,5000
A00293,P0101,D09,C04,2025-03-15,20,8,3500
A00362,P0104,D10,C05,2025-03-31,74,28,3000
A01355,P0198,D09,C04,2025-11-22,46,19,3500
A01348,P0027,D07,C02,2025-11-21,21,34,2500
A01139,P0063,D17,C02,2025-09-29,43,10,4000
A01362,P0010,D14,C04,2025-11-25,22,32,4500
A01075,P0194,D11,C01,2025-09-12,39,14,4000
A01450,P0247,D07,C02,2025-12-18,32,9,2500
A00064,P0247,D14,C04,2025-01-20,33,23,4500
A00250,P0105,D04,C04,2025-03-04,34,34,3000
A01326,P0055,D08,C03,2025-11-18,18,8,4500
A00039,P0293,D01,C03,2025-01-11,8,16,2500
A00528,P0238,D20,C05,2025-05-10,42,24,4500
A00053,P0016,D11,C01,2025-01-16,22,32,4000
A00113,P0269,D08,C03,2025-01-30,43,18,4500
A01093,P0146,D08,C03,2025-09-16,2,21,4500
A01245,P0226,D09,C04,2025-10-27,21,22,3500
A01048,P0270,D02,C02,2025-09-05,68,34,4500
A00441,P0027,D12,C02,2025-04-21,25,24,5000
A00417,P0204,D09,C04,2025-04-14,56,18,3500
A00489,P0033,D16,C03,2025-05-02,0,24,3000
A01076,P0246,D16,C01,2025-09-12,51,29,3000
A01109,P0052,D10,C02,2025-09-19,10,32,3000
A00119,P0190,D06,C01,2025-02-01,10,12,5000
A01346,P0087,D02,C02,2025-11-21,5,31,4500
A00070,P0105,D16,C03,2025-01-21,0,34,3000
A01249,P0219,D12,C02,2025-10-28,33,11,5000
A01374,P0134,D15,C05,2025-11-27,45,9,3500
A00391,P0154,D20,C05,2025-04-05,23,19,4500
A00404,P0241,D09,C04,2025-04-10,10,25,3500
A01039,P0179,D02,C02,2025-09-04,0,22,4500
A01373,P0214,D08,C03,2025-11-27,4,24,4500
A01232,P0181,D01,C03,2025-10-22,18,17,2500
A00819,P0147,D08,C03,2025-07-14,3,23,4500
A00927,P0216,D14,C04,2025-08-07,0,19,4500
A00435,P0259,D11,C01,2025-04-19,32,12,4000
A00821,P0116,D02,C02,2025-07-15,145,35,4500
A01128,P0209,D03,C03,2025-09-26,63,33,3500
A01494,P0064,D09,C04,2025-12-30,29,34,3500
A01296,P0038,D01,C01,2025-11-10,28,21,2500
A00634,P0068,D13,C03,2025-06-04,55,19,2500
A01360,P0265,D02,C02,2025-11-25,19,16,4500
A00182,P0083,D11,C01,2025-02-18,3,34,4000
A00565,P0117,D10,C02,2025-05-20,46,10,3000
A01479,P0119,D07,C02,2025-12-26,20,34,2500
A00438,P0293,D07,C04,2025-04-19,20,35,2500
A01518,P0250,D12,C02,2025-10-18,8,29,5000
A01049,P0039,D12,C02,2025-09-05,72,34,5000
A00918,P0071,D19,C01,2025-08-07,27,22,2500
A00136,P0261,D17,C02,2025-02-05,3,34,4000
A01059,P0184,D15,C05,2025-09-06,13,30,3500
A00031,P0165,D10,C02,2025-01-10,66,14,3000
A01385,P0222,D13,C03,2025-12-01,54,15,2500
A00978,P0153,D16,C01,2025-08-20,76,25,3000
A01155,P0040,D01,C01,2025-10-03,49,9,2500
A00193,P0223,D12,C02,2025-02-20,40,17,5000
A01454,P0106,D14,C04,2025-12-18,15,33,4500
A00524,P0209,D08,C03,2025-05-10,5,10,4500
A01051,P0241,D20,C05,2025-09-05,19,23,4500
A01097,P0034,D06,C01,2025-09-17,17,19,5000
A01524,P0158,D18,C03,2025-12-30,51,17,5000
A01022,P0042,D14,C04,29-Aug-2025,50,17,4500
A00520,P0054,D15,C05,2025-05-09,36,16,3500
A01092,P0078,D17,C02,2025-09-16,24,9,4000
A00109,P0205,D15,C05,2025-01-29,15,24,3500
A00049,P0290,D02,C02,2025-01-15,2,25,4500
A00934,P0160,D08,C03,2025-08-09,34,33,4500
A01227,P0024,D15,C05,2025-10-21,14,12,3500
A00458,P0246,D07,C02,24-Apr-2025,30,22,2500
A00279,P0129,D16,C01,2025-03-12,33,27,3000
A01399,P0175,D11,C01,2025-12-04,8,20,4000
A01315,P0292,D17,C02,2025-11-14,17,14,4000
A01113,P0191,D20,C05,20-Sep-2025,5,29,4500
A00825,P0137,D08,C03,2025-07-16,4,28,4500
A00751,P0207,D12,C02,2025-06-28,16,9,5000
A00149,P0178,D09,C04,2025-02-08,26,30,3500
A01506,P0095,D05,C05,2025-06-27,1,17,4000
A00746,P0118,D17,C02,2025-06-27,115,15,4000
A01253,P0058,D13,C03,2025-10-29,46,27,2500
A00754,P0153,D04,C01,2025-06-30,19,17,3000
A00164,P0288,D15,C05,2025-02-12,63,32,3500
A00294,P0283,D09,C04,2025-03-15,19,21,3500
A00907,P0257,D15,C05,2025-08-04,29,14,3500
A00926,P0267,D04,C04,2025-08-07,82,28,3000
A00945,P0236,D07,C04,2025-08-12,41,34,
A01209,P0123,D11,C01,2025-10-18,73,15,4000
A01014,P0012,D02,C02,2025-08-28,24,35,4500
A01487,P0193,D16,C03,2025-12-29,-26,23,3000
A00385,P0229,D16,C03,2025-04-04,35,9,3000
A00413,P0042,D20,C05,2025-04-12,46,11,4500
A00072,P0019,D04,C01,22-Jan-2025,43,24,3000
A00664,P0164,D09,C04,10-Jun-2025,21,18,3500
A00399,P0116,D08,C03,2025-04-08,9,29,4500
A00678,P0269,D15,C05,2025-06-12,99,23,3500
A00782,P0265,D11,C01,2025-07-07,17,28,4000
A00444,P0193,D10,C05,2025-04-21,9,34,3000
A01424,P0107,D07,C02,2025-12-09,1,13,2500
A00209,P0138,D09,C04,2025-02-24,0,31,3500
A01364,P0215,D20,C05,2025-11-25,132,25,4500
A00467,P0033,D16,C01,2025-04-26,25,14,3000
A00628,P0256,D19,C04,2025-06-03,18,11,2500
A01337,P0179,D03,C03,2025-11-19,47,27,3500
A01451,P0163,D12,C02,2025-12-18,24,12,5000
A00099,P0079,D04,C04,2025-01-28,2,9,3000
A01184,P0087,D17,C02,2025-10-14,11,22,4000
A01263,P0084,D03,C03,2025-10-31,13,32,3500
A01056,P0114,D05,C05,2025-09-06,9,12,4000
A00529,P0027,D06,C01,2025-05-12,52,23,5000
A01476,P0253,D17,C02,2025-12-25,36,8,4000
A00534,P0082,D01,C03,2025-05-13,26,29,2500
A00083,P0046,D10,C05,2025-01-23,32,30,3000
A00281,P0262,D18,C03,2025-03-12,41,31,5000
A00704,P0047,D08,C03,2025-06-18,23,14,4500
A01407,P0149,D16,C01,2025-12-06,2,35,3000
A00903,P0290,D18,C03,2025-08-02,38,13,5000
A00768,P0293,D14,C04,2025-07-03,92,30,4500
A01388,P0260,D17,C02,2025-12-02,46,28,4000
A01358,P0108,D11,C01,2025-11-25,8,9,4000
A00511,P0204,D18,C03,2025-05-07,61,26,5000
A01091,P0198,D12,C02,2025-09-16,108,19,5000
A01018,P0212,D14,C04,2025-08-28,60,19,4500
A01032,P0291,D08,C03,2025-09-02,2,14,4500
A00422,P0222,D09,C04,2025-04-15,79,27,3500
A00542,P0272,D13,C05,2025-05-14,86,30,2500
A00665,P0200,D14,C04,2025-06-10,19,11,4500
A00991,P0121,D08,C03,2025-08-22,52,8,4500
A01060,P0225,D15,C05,2025-09-06,12,18,3500
A01347,P0250,D02,C02,2025-11-21,4,32,4500
A01170,P0007,D14,C04,2025-10-08,9,12,4500
A01437,P0235,D06,C01,2025-12-13,15,26,5000
A01480,P0285,D17,C02,2025-12-26,6,9,4000
A00307,P0180,D14,C04,2025-03-18,2,29,4500
A00116,P0129,D19,C04,2025-01-30,23,24,2500
A01333,P0032,D15,C05,2025-11-18,33,23,3500
A00539,P0066,D10,C02,2025-05-14,11,24,3000
A01452,P0180,D03,C03,2025-12-18,94,34,3500
A00176,P0266,D04,C01,2025-02-15,55,14,3000
A00984,P0080,D15,C05,2025-08-20,10,30,3500
A00555,P0064,D10,C02,2025-05-17,26,12,3000
A00612,P0091,D19,C04,2025-05-31,37,18,2500
A01312,P0239,D15,C05,2025-11-13,1,22,3500
A00392,P0275,D20,C05,2025-04-05,42,35,4500
A00460,P0028,D09,C04,2025-04-24,9,22,3500
A00757,P0088,D05,C05,2025-07-01,19,31,4000
A00567,P0140,D12,C02,2025-05-20,1,24,5000
A00352,P0051,D13,C05,2025-03-28,11,32,2500
A01086,P0193,D04,C01,2025-09-15,0,20,3000
A01393,P0101,D17,C02,2025-12-03,62,8,4000
A00560,P0071,D18,C03,2025-05-19,64,21,5000
A00616,P0127,D20,C05,2025-05-31,79,21,4500
A00619,P0129,D04,C01,2025-06-02,53,18,3000
A01058,P0147,D15,C05,2025-09-06,52,19,3500
A00309,P0102,D06,C01,2025-03-19,15,29,5000
A00237,P0243,D17,C02,2025-03-01,38,35,4000
A00493,P0202,D03,C03,03-May-2025,22,35,3500
A00508,P0120,D02,C02,2025-05-07,23,31,4500
A01224,P0006,D19,C01,2025-10-21,39,35,2500
A01392,P0179,D06,C01,2025-12-03,5,9,5000
A01016,P0235,D08,C03,2025-08-28,75,19,4500
A00507,P0090,D16,C01,2025-05-07,3,12,3000
A01425,P0054,D01,C01,2025-12-11,17,8,2500
A01336,P0146,D01,C03,2025-11-19,35,30,2500
A00014,P0013,D14,C04,2025-01-03,76,27,4500
A01523,P0022,D14,C04,2025-12-20,3,18,4500
A00880,P0187,D16,C01,2025-07-28,24,8,3000
A00643,P0264,D16,C01,2025-06-06,0,25,3000
A00445,P0273,D10,C05,2025-04-21,19,8,3000
A00785,P0039,D13,C05,2025-07-07,91,31,2500
A00887,P0298,D10,C05,2025-07-29,13,17,3000
A00783,P0197,D17,C02,2025-07-07,33,24,4000
A00581,P0189,D09,C04,2025-05-22,27,8,3500
A01442,P0015,D11,C01,2025-12-16,56,31,4000
A00171,P0055,D03,C03,2025-02-14,35,31,3500
A01046,P0187,D16,C01,2025-09-05,18,17,3000
A00645,P0139,D08,C03,2025-06-06,47,8,4500
A00760,P0274,D13,C03,2025-07-02,5,24,2500
A01001,P0132,D09,C04,2025-08-25,25,23,3500
A01111,P0113,D15,C05,19-Sep-2025,88,13,3500
A00313,P0021,D05,C05,2025-03-19,0,18,4000
A00752,P0081,D01,C03,2025-06-28,55,17,2500
A00602,P0219,D14,C04,2025-05-27,34,27,4500
A00820,P0226,D15,C05,2025-07-14,20,14,3500
A00358,P0133,D01,C01,2025-03-31,8,33,2500
A00791,P0052,D04,C04,2025-07-08,13,23,3000
A01082,P0127,D12,C02,2025-09-13,7,16,5000
A00587,P0141,D09,C04,2025-05-23,5,31,3500
A00884,P0025,D07,C02,2025-07-29,32,32,2500
A01298,P0192,D12,C02,2025-11-10,0,26,5000
A00359,P0038,D19,C01,31-Mar-2025,55,16,2500
A00295,P0048,D10,C05,2025-03-15,75,28,3000
A00037,P0129,D13,C05,2025-01-10,54,26,2500
A01175,P0207,D11,C01,2025-10-10,3,12,4000
A00381,P0043,D18,C03,2025-04-03,24,35,5000
A00180,P0246,D04,C04,2025-02-17,77,32,3000
A01133,P0207,D08,C03,27-Sep-2025,31,11,4500
A00304,P0108,D17,C02,2025-03-18,4,11,4000
A01164,P0080,D15,C05,2025-10-06,3,10,3500
A00349,P0197,D08,C03,2025-03-28,33,19,4500
A01330,P0280,D18,C03,2025-11-18,10,33,5000
A00382,P0208,D18,C03,2025-04-03,12,29,5000
A01103,P0199,D01,C01,2025-09-18,24,29,2500
A00363,P0100,D20,C05,2025-03-31,22,28,4500
A01037,P0254,D19,C04,2025-09-03,24,18,2500
A01008,P0057,D20,C05,2025-08-26,19,21,4500
A01099,P0053,D12,C02,2025-09-17,7,19,5000
A01465,P0048,D03,C03,2025-12-22,7,29,3500
A01343,P0075,D10,C02,2025-11-20,93,32,3000
A00426,P0225,D16,C03,2025-04-16,1,23,3000
A00393,P0299,D06,C01,2025-04-07,18,34,5000
A00857,P0258,D03,C03,2025-07-22,24,24,3500
A00484,P0213,D18,C03,2025-04-30,9,16,5000
A00607,P0016,D20,C05,2025-05-28,0,33,4500
A00079,P0193,D04,C01,2025-01-23,45,12,3000
A00478,P0028,D07,C04,2025-04-29,6,16,2500
A01318,P0079,D10,C05,2025-11-14,40,20,3000
A00196,P0218,D07,C04,21-Feb-2025,47,11,2500
A00872,P0001,D18,C03,2025-07-25,22,19,5000
A00499,P0003,D20,C05,2025-05-05,14,34,4500
A00525,P0079,D04,C04,2025-05-10,75,25,3000
A00713,P0126,D05,C05,2025-06-19,0,18,4000
A00498,P0271,D10,C05,2025-05-05,15,14,3000
A00337,P0034,D01,C01,2025-03-26,36,20,2500
A00940,P0049,D07,C04,2025-08-11,0,33,2500
A00944,P0144,D18,C03,2025-08-12,53,26,5000
A01277,P0276,D09,C04,2025-11-04,20,33,3500
A00919,P0074,D02,C02,2025-08-07,29,24,4500
A01269,P0054,D11,C01,2025-11-03,20,25,4000
A00406,P0073,D19,C01,2025-04-11,48,18,2500
A00189,P0076,D05,C05,2025-02-19,39,17,4000
A00356,P0171,D05,C05,2025-03-29,10,11,4000
A00846,P0053,D13,C03,2025-07-19,54,32,2500
A00971,P0069,D05,C05,2025-08-18,76,28,4000
A01324,P0298,D15,C05,2025-11-17,96,13,3500
A01426,P0106,D19,C01,2025-12-11,10,25,2500
A00789,P0049,D08,C03,2025-07-08,63,23,4500
A00210,P0103,D19,C04,2025-02-24,56,23,2500
A00964,P0157,D04,C01,18-Aug-2025,18,25,3000
A01136,P0048,D15,C05,2025-09-27,3,11,3500
A00125,P0094,D19,C01,2025-02-03,16,25,2500
A00543,P0021,D20,C05,2025-05-14,3,35,4500
A00479,P0158,D05,C05,2025-04-29,40,26,4000
A00205,P0193,D10,C02,2025-02-24,37,9,3000
A00347,P0266,D15,C05,2025-03-27,16,28,3500
A00131,P0017,D04,C04,2025-02-04,17,27,3000
A01055,P0219,D02,C02,2025-09-06,153,26,4500
A01080,P0293,D11,C01,2025-09-13,36,13,4000
A00622,P0215,D09,C04,2025-06-02,11,18,3500
A00707,P0035,D15,C05,2025-06-18,13,21,3500
A00206,P0210,D16,C03,2025-02-24,17,34,3000
A00710,P0206,D17,C02,2025-06-19,-24,23,4000
A00509,P0106,D17,C02,2025-05-07,132,32,4000
A00061,P0206,D05,C05,2025-01-18,14,32,4000
A00329,P0051,D08,C03,2025-03-24,33,31,4500
A00197,P0114,D09,C04,2025-02-21,30,16,3500
A01205,P0245,D19,C04,2025-10-17,43,11,2500
A01477,P0104,D03,C03,2025-12-25,13,14,3500
A01044,P0279,D11,C01,2025-09-05,16,23,4000
A01309,P0105,D04,C04,2025-11-12,27,25,3000
A01243,P0049,D06,C01,2025-10-27,11,22,5000
A00310,P0027,D13,C03,2025-03-19,58,16,2500
A01285,P0113,D18,C03,2025-11-06,32,23,5000
A00416,P0018,D08,C03,2025-04-14,40,19,4500
A00345,P0235,D09,C04,2025-03-27,36,12,3500
A00269,P0178,D20,C05,2025-03-08,13,23,4500
A00784,P0233,D13,C03,2025-07-07,34,12,2500
A00095,P0222,D19,C01,2025-01-27,0,13,2500
A01033,P0296,D09,C04,2025-09-02,3,15,3500
A00091,P0110,D01,C03,2025-01-25,21,31,2500
A01390,P0149,D10,C05,2025-12-02,10,24,3000
A01514,P0182,D19,C01,2025-09-05,53,18,2500
A01466,P0038,D08,C03,2025-12-22,13,32,4500
A00054,P0207,D02,C02,2025-01-16,2,12,4500
A00522,P0156,D06,C01,2025-05-10,3,18,5000
A00065,P0009,D15,C05,2025-01-20,77,29,3500
A00504,P0085,D15,C05,06-May-2025,15,15,3500
A00662,P0127,D08,C03,2025-06-10,17,29,4500
A01300,P0289,D20,C05,2025-11-10,25,20,4500
A00598,P0013,D05,C05,2025-05-26,27,29,4000
A01372,P0024,D17,C02,2025-11-27,29,32,4000
A01114,P0174,D02,C02,2025-09-22,33,8,4500
A00486,P0205,D12,C02,2025-05-01,38,22,5000
A00472,P0290,D08,C03,2025-04-28,25,22,4500
A00623,P0104,D16,C01,2025-06-03,130,33,
A00705,P0004,D05,C05,2025-06-18,3,13,4000
A00635,P0076,D18,C03,2025-06-04,1,10,5000
A00886,P0264,D10,C02,2025-07-29,50,9,3000
A01026,P0150,D16,C01,2025-09-01,21,35,3000
A00630,P0199,D20,C05,2025-06-03,16,22,4500
A01303,P0120,D07,C04,2025-11-11,8,21,2500
A01084,P0079,D16,C03,2025-09-13,23,19,3000
A00863,P0190,D18,C03,2025-07-23,1,10,5000
A01521,P0118,D05,C05,2025-11-14,27,25,4000
A00178,P0185,D19,C01,2025-02-17,28,34,2500
A01453,P0282,D08,C03,2025-12-18,26,29,4500
A00521,P0234,D20,C05,2025-05-09,45,9,
A01429,P0080,D05,C05,2025-12-11,108,22,4000
A00617,P0148,D20,C05,2025-05-31,59,29,4500
A00163,P0146,D14,C04,2025-02-12,36,17,4500
A00151,P0257,D05,C05,2025-02-08,6,13,4000
A00778,P0201,D14,C04,2025-07-05,11,35,4500
A00106,P0046,D10,C05,2025-01-29,28,30,3000
A00235,P0025,D12,C02,2025-03-01,19,17,5000
A01129,P0188,D09,C04,2025-09-26,1,13,3500
A00911,P0102,D13,C05,2025-08-05,180,35,2500
A00562,P0191,D01,C01,2025-05-20,27,32,2500
A01002,P0229,D15,C05,2025-08-25,23,31,3500
A00691,P0125,D12,C02,16-Jun-2025,2,11,5000
A01310,P0048,D10,C02,2025-11-13,17,20,3000
