date_sk,full_date,year,quarter,month,day_name
1,2025-01-01,2025,1,1,Wednesday
2,2025-01-02,2025,1,1,Thursday
3,2025-01-03,2025,1,1,Friday
4,2025-01-04,2025,1,1,Saturday
5,2025-01-05,2025,1,1,Sunday
6,2025-01-06,2025,1,1,Monday
7,2025-01-07,2025,1,1,Tuesday
8,2025-01-08,2025,1,1,Wednesday
9,2025-01-09,2025,1,1,Thursday
10,2025-01-10,2025,1,1,Friday
11,2025-01-11,2025,1,1,Saturday
12,2025-01-12,2025,1,1,Sunday
13,2025-01-13,2025,1,1,Monday
14,2025-01-14,2025,1,1,Tuesday
15,2025-01-15,2025,1,1,Wednesday
16,2025-01-16,2025,1,1,Thursday
17,2025-01-17,2025,1,1,Friday
18,2025-01-18,2025,1,1,Saturday
19,2025-01-19,2025,1,1,Sunday
20,2025-01-20,2025,1,1,Monday
21,2025-01-21,2025,1,1,Tuesday
22,2025-01-22,2025,1,1,Wednesday
23,2025-01-23,2025,1,1,Thursday
24,2025-01-24,2025,1,1,Friday
25,2025-01-25,2025,1,1,Saturday
26,2025-01-26,2025,1,1,Sunday
27,2025-01-27,2025,1,1,Monday
28,2025-01-28,2025,1,1,Tuesday
29,2025-01-29,2025,1,1,Wednesday
30,2025-01-30,2025,1,1,Thursday
31,2025-01-31,2025,1,1,Friday
32,2025-02-01,2025,1,2,Saturday
33,2025-02-02,2025,1,2,Sunday
34,2025-02-03,2025,1,2,Monday
35,2025-02-04,2025,1,2,Tuesday
36,2025-02-05,2025,1,2,Wednesday
37,2025-02-06,2025,1,2,Thursday
38,2025-02-07,2025,1,2,Friday
39,2025-02-08,2025,1,2,Saturday
40,2025-02-09,2025,1,2,Sunday
41,2025-02-10,2025,1,2,Monday
42,2025-02-11,2025,1,2,Tuesday
43,2025-02-12,2025,1,2,Wednesday
44,2025-02-13,2025,1,2,Thursday
45,2025-02-14,2025,1,2,Friday
46,2025-02-15,2025,1,2,Saturday
47,2025-02-16,2025,1,2,Sunday
48,2025-02-17,2025,1,2,Monday
49,2025-02-18,2025,1,2,Tuesday
50,2025-02-19,2025,1,2,Wednesday
51,2025-02-20,2025,1,2,Thursday
52,2025-02-21,2025,1,2,Friday
53,2025-02-22,2025,1,2,Saturday
54,2025-02-23,2025,1,2,Sunday
55,2025-02-24,2025,1,2,Monday
56,2025-02-25,2025,1,2,Tuesday
57,2025-02-26,2025,1,2,Wednesday
58,2025-02-27,2025,1,2,Thursday
59,2025-02-28,2025,1,2,Friday
60,2025-03-01,2025,1,3,Saturday
61,2025-03-02,2025,1,3,Sunday
62,2025-03-03,2025,1,3,Monday
63,2025-03-04,2025,1,3,Tuesday
64,2025-03-05,2025,1,3,Wednesday
65,2025-03-06,2025,1,3,Thursday
66,2025-03-07,2025,1,3,Friday
67,2025-03-08,2025,1,3,Saturday
68,2025-03-09,2025,1,3,Sunday
69,2025-03-10,2025,1,3,Monday
70,2025-03-11,2025,1,3,Tuesday
71,2025-03-12,2025,1,3,Wednesday
72,2025-03-13,2025,1,3,Thursday
73,2025-03-14,2025,1,3,Friday
74,2025-03-15,2025,1,3,Saturday
75,2025-03-16,2025,1,3,Sunday
76,2025-03-17,2025,1,3,Monday
77,2025-03-18,2025,1,3,Tuesday
78,2025-03-19,2025,1,3,Wednesday
79,2025-03-20,2025,1,3,Thursday
80,2025-03-21,2025,1,3,Friday
81,2025-03-22,2025,1,3,Saturday
82,2025-03-23,2025,1,3,Sunday
83,2025-03-24,2025,1,3,Monday
84,2025-03-25,2025,1,3,Tuesday
85,2025-03-26,2025,1,3,Wednesday
86,2025-03-27,2025,1,3,Thursday
87,2025-03-28,2025,1,3,Friday
88,2025-03-29,2025,1,3,Saturday
89,2025-03-30,2025,1,3,Sunday
90,2025-03-31,2025,1,3,Monday
91,2025-04-01,2025,2,4,Tuesday
92,2025-04-02,2025,2,4,Wednesday
93,2025-04-03,2025,2,4,Thursday
94,2025-04-04,2025,2,4,Friday
95,2025-04-05,2025,2,4,Saturday
96,2025-04-06,2025,2,4,Sunday
97,2025-04-07,2025,2,4,Monday
98,2025-04-08,2025,2,4,Tuesday
99,2025-04-09,2025,2,4,Wednesday
100,2025-04-10,2025,2,4,Thursday
101,2025-04-11,2025,2,4,Friday
102,2025-04-12,2025,2,4,Saturday
103,2025-04-13,2025,2,4,Sunday
104,2025-04-14,2025,2,4,Monday
105,2025-04-15,2025,2,4,Tuesday
106,2025-04-16,2025,2,4,Wednesday
107,2025-04-17,2025,2,4,Thursday
108,2025-04-18,2025,2,4,Friday
109,2025-04-19,2025,2,4,Saturday
110,2025-04-20,2025,2,4,Sunday
111,2025-04-21,2025,2,4,Monday
112,2025-04-22,2025,2,4,Tuesday
113,2025-04-23,2025,2,4,Wednesday
114,2025-04-24,2025,2,4,Thursday
115,2025-04-25,2025,2,4,Friday
116,2025-04-26,2025,2,4,Saturday
117,2025-04-27,2025,2,4,Sunday
118,2025-04-28,2025,2,4,Monday
119,2025-04-29,2025,2,4,Tuesday
120,2025-04-30,2025,2,4,Wednesday
121,2025-05-01,2025,2,5,Thursday
122,2025-05-02,2025,2,5,Friday
123,2025-05-03,2025,2,5,Saturday
124,2025-05-04,2025,2,5,Sunday
125,2025-05-05,2025,2,5,Monday
126,2025-05-06,2025,2,5,Tuesday
127,2025-05-07,2025,2,5,Wednesday
128,2025-05-08,2025,2,5,Thursday
129,2025-05-09,2025,2,5,Friday
130,2025-05-10,2025,2,5,Saturday
131,2025-05-11,2025,2,5,Sunday
132,2025-05-12,2025,2,5,Monday
133,2025-05-13,2025,2,5,Tuesday
134,2025-05-14,2025,2,5,Wednesday
135,2025-05-15,2025,2,5,Thursday
136,2025-05-16,2025,2,5,Friday
137,2025-05-17,2025,2,5,Saturday
138,2025-05-18,2025,2,5,Sunday
139,2025-05-19,2025,2,5,Monday
140,2025-05-20,2025,2,5,Tuesday
141,2025-05-21,2025,2,5,Wednesday
142,2025-05-22,2025,2,5,Thursday
143,2025-05-23,2025,2,5,Friday
144,2025-05-24,2025,2,5,Saturday
145,2025-05-25,2025,2,5,Sunday
146,2025-05-26,2025,2,5,Monday
147,2025-05-27,2025,2,5,Tuesday
148,2025-05-28,2025,2,5,Wednesday
149,2025-05-29,2025,2,5,Thursday
150,2025-05-30,2025,2,5,Friday
151,2025-05-31,2025,2,5,Saturday
152,2025-06-01,2025,2,6,Sunday
153,2025-06-02,2025,2,6,Monday
154,2025-06-03,2025,2,6,Tuesday
155,2025-06-04,2025,2,6,Wednesday
156,2025-06-05,2025,2,6,Thursday
157,2025-06-06,2025,2,6,Friday
158,2025-06-07,2025,2,6,Saturday
159,2025-06-08,2025,2,6,Sunday
160,2025-06-09,2025,2,6,Monday
161,2025-06-10,2025,2,6,Tuesday
162,2025-06-11,2025,2,6,Wednesday
163,2025-06-12,2025,2,6,Thursday
164,2025-06-13,2025,2,6,Friday
165,2025-06-14,2025,2,6,Saturday
166,2025-06-15,2025,2,6,Sunday
167,2025-06-16,2025,2,6,Monday
168,2025-06-17,2025,2,6,Tuesday
169,2025-06-18,2025,2,6,Wednesday
170,2025-06-19,2025,2,6,Thursday
171,2025-06-20,2025,2,6,Friday
172,2025-06-21,2025,2,6,Saturday
173,2025-06-22,2025,2,6,Sunday
174,2025-06-23,2025,2,6,Monday
175,2025-06-24,2025,2,6,Tuesday
176,2025-06-25,2025,2,6,Wednesday
177,2025-06-26,2025,2,6,Thursday
178,2025-06-27,2025,2,6,Friday
179,2025-06-28,2025,2,6,Saturday
180,2025-06-29,2025,2,6,Sunday
181,2025-06-30,2025,2,6,Monday
182,2025-07-01,2025,3,7,Tuesday
183,2025-07-02,2025,3,7,Wednesday
184,2025-07-03,2025,3,7,Thursday
185,2025-07-04,2025,3,7,Friday
186,2025-07-05,2025,3,7,Saturday
187,2025-07-06,2025,3,7,Sunday
188,2025-07-07,2025,3,7,Monday
189,2025-07-08,2025,3,7,Tuesday
190,2025-07-09,2025,3,7,Wednesday
191,2025-07-10,2025,3,7,Thursday
192,2025-07-11,2025,3,7,Friday
193,2025-07-12,2025,3,7,Saturday
194,2025-07-13,2025,3,7,Sunday
195,2025-07-14,2025,3,7,Monday
196,2025-07-15,2025,3,7,Tuesday
197,2025-07-16,2025,3,7,Wednesday
198,2025-07-17,2025,3,7,Thursday
199,2025-07-18,2025,3,7,Friday
200,2025-07-19,2025,3,7,Saturday
201,2025-07-20,2025,3,7,Sunday
202,2025-07-21,2025,3,7,Monday
203,2025-07-22,2025,3,7,Tuesday
204,2025-07-23,2025,3,7,Wednesday
205,2025-07-24,2025,3,7,Thursday
206,2025-07-25,2025,3,7,Friday
207,2025-07-26,2025,3,7,Saturday
208,2025-07-27,2025,3,7,Sunday
209,2025-07-28,2025,3,7,Monday
210,2025-07-29,2025,3,7,Tuesday
211,2025-07-30,2025,3,7,Wednesday
212,2025-07-31,2025,3,7,Thursday
213,2025-08-01,2025,3,8,Friday
214,2025-08-02,2025,3,8,Saturday
215,2025-08-03,2025,3,8,Sunday
216,2025-08-04,2025,3,8,Monday
217,2025-08-05,2025,3,8,Tuesday
218,2025-08-06,2025,3,8,Wednesday
219,2025-08-07,2025,3,8,Thursday
220,2025-08-08,2025,3,8,Friday
221,2025-08-09,2025,3,8,Saturday
222,2025-08-10,2025,3,8,Sunday
223,2025-08-11,2025,3,8,Monday
224,2025-08-12,2025,3,8,Tuesday
225,2025-08-13,2025,3,8,Wednesday
226,2025-08-14,2025,3,8,Thursday
227,2025-08-15,2025,3,8,Friday
228,2025-08-16,2025,3,8,Saturday
229,2025-08-17,2025,3,8,Sunday
230,2025-08-18,2025,3,8,Monday
231,2025-08-19,2025,3,8,Tuesday
232,2025-08-20,2025,3,8,Wednesday
233,2025-08-21,2025,3,8,Thursday
234,2025-08-22,2025,3,8,Friday
235,2025-08-23,2025,3,8,Saturday
236,2025-08-24,2025,3,8,Sunday
237,2025-08-25,2025,3,8,Monday
238,2025-08-26,2025,3,8,Tuesday
239,2025-08-27,2025,3,8,Wednesday
240,2025-08-28,2025,3,8,Thursday
241,2025-08-29,2025,3,8,Friday
242,2025-08-30,2025,3,8,Saturday
243,2025-08-31,2025,3,8,Sunday
244,2025-09-01,2025,3,9,Monday
245,2025-09-02,2025,3,9,Tuesday
246,2025-09-03,2025,3,9,Wednesday
247,2025-09-04,2025,3,9,Thursday
248,2025-09-05,2025,3,9,Friday
249,2025-09-06,2025,3,9,Saturday
250,2025-09-07,2025,3,9,Sunday
251,2025-09-08,2025,3,9,Monday
252,2025-09-09,2025,3,9,Tuesday
253,2025-09-10,2025,3,9,Wednesday
254,2025-09-11,2025,3,9,Thursday
255,2025-09-12,2025,3,9,Friday
256,2025-09-13,2025,3,9,Saturday
257,2025-09-14,2025,3,9,Sunday
258,2025-09-15,2025,3,9,Monday
259,2025-09-16,2025,3,9,Tuesday
260,2025-09-17,2025,3,9,Wednesday
261,2025-09-18,2025,3,9,Thursday
262,2025-09-19,2025,3,9,Friday
263,2025-09-20,2025,3,9,Saturday
264,2025-09-21,2025,3,9,Sunday
265,2025-09-22,2025,3,9,Monday
266,2025-09-23,2025,3,9,Tuesday
267,2025-09-24,2025,3,9,Wednesday
268,2025-09-25,2025,3,9,Thursday
269,2025-09-26,2025,3,9,Friday
270,2025-09-27,2025,3,9,Saturday
271,2025-09-28,2025,3,9,Sunday
272,2025-09-29,2025,3,9,Monday
273,2025-09-30,2025,3,9,Tuesday
274,2025-10-01,2025,4,10,Wednesday
275,2025-10-02,2025,4,10,Thursday
276,2025-10-03,2025,4,10,Friday
277,2025-10-04,2025,4,10,Saturday
278,2025-10-05,2025,4,10,Sunday
279,2025-10-06,2025,4,10,Monday
280,2025-10-07,2025,4,10,Tuesday
281,2025-10-08,2025,4,10,Wednesday
282,2025-10-09,2025,4,10,Thursday
283,2025-10-10,2025,4,10,Friday
284,2025-10-11,2025,4,10,Saturday
285,2025-10-12,2025,4,10,Sunday
286,2025-10-13,2025,4,10,Monday
287,2025-10-14,2025,4,10,Tuesday
288,2025-10-15,2025,4,10,Wednesday
289,2025-10-16,2025,4,10,Thursday
290,2025-10-17,2025,4,10,Friday
291,2025-10-18,2025,4,10,Saturday
292,2025-10-19,2025,4,10,Sunday
293,2025-10-20,2025,4,10,Monday
294,2025-10-21,2025,4,10,Tuesday
295,2025-10-22,2025,4,10,Wednesday
296,2025-10-23,2025,4,10,Thursday
297,2025-10-24,2025,4,10,Friday
298,2025-10-25,2025,4,10,Saturday
299,2025-10-26,2025,4,10,Sunday
300,2025-10-27,2025,4,10,Monday
301,2025-10-28,2025,4,10,Tuesday
302,2025-10-29,2025,4,10,Wednesday
303,2025-10-30,2025,4,10,Thursday
304,2025-10-31,2025,4,10,Friday
305,2025-11-01,2025,4,11,Saturday
306,2025-11-02,2025,4,11,Sunday
307,2025-11-03,2025,4,11,Monday
308,2025-11-04,2025,4,11,Tuesday
309,2025-11-05,2025,4,11,Wednesday
310,2025-11-06,2025,4,11,Thursday
311,2025-11-07,2025,4,11,Friday
312,2025-11-08,2025,4,11,Saturday
313,2025-11-09,2025,4,11,Sunday
314,2025-11-10,2025,4,11,Monday
315,2025-11-11,2025,4,11,Tuesday
316,2025-11-12,2025,4,11,Wednesday
317,2025-11-13,2025,4,11,Thursday
318,2025-11-14,2025,4,11,Friday
319,2025-11-15,2025,4,11,Saturday
320,2025-11-16,2025,4,11,Sunday
321,2025-11-17,2025,4,11,Monday
322,2025-11-18,2025,4,11,Tuesday
323,2025-11-19,2025,4,11,Wednesday
324,2025-11-20,2025,4,11,Thursday
325,2025-11-21,2025,4,11,Friday
326,2025-11-22,2025,4,11,Saturday
327,2025-11-23,2025,4,11,Sunday
328,2025-11-24,2025,4,11,Monday
329,2025-11-25,2025,4,11,Tuesday
330,2025-11-26,2025,4,11,Wednesday
331,2025-11-27,2025,4,11,Thursday
332,2025-11-28,2025,4,11,Friday
333,2025-11-29,2025,4,11,Saturday
334,2025-11-30,2025,4,11,Sunday
335,2025-12-01,2025,4,12,Monday
336,2025-12-02,2025,4,12,Tuesday
337,2025-12-03,2025,4,12,Wednesday
338,2025-12-04,2025,4,12,Thursday
339,2025-12-05,2025,4,12,Friday
340,2025-12-06,2025,4,12,Saturday
341,2025-12-07,2025,4,12,Sunday
342,2025-12-08,2025,4,12,Monday
343,2025-12-09,2025,4,12,Tuesday
344,2025-12-10,2025,4,12,Wednesday
345,2025-12-11,2025,4,12,Thursday
346,2025-12-12,2025,4,12,Friday
347,2025-12-13,2025,4,12,Saturday
348,2025-12-14,2025,4,12,Sunday
349,2025-12-15,2025,4,12,Monday
350,2025-12-16,2025,4,12,Tuesday
351,2025-12-17,2025,4,12,Wednesday
352,2025-12-18,2025,4,12,Thursday
353,2025-12-19,2025,4,12,Friday
354,2025-12-20,2025,4,12,Saturday
355,2025-12-21,2025,4,12,Sunday
356,2025-12-22,2025,4,12,Monday
357,2025-12-23,2025,4,12,Tuesday
358,2025-12-24,2025,4,12,Wednesday
359,2025-12-25,2025,4,12,Thursday
360,2025-12-26,2025,4,12,Friday
361,2025-12-27,2025,4,12,Saturday
362,2025-12-28,2025,4,12,Sunday
363,2025-12-29,2025,4,12,Monday
364,2025-12-30,2025,4,12,Tuesday
365,2025-12-31,2025,4,12,Wednesday
