patient_sk,patient_id,gender,date_of_birth,home_district
1,P0001,F,1980-06-21,Kurunegala
2,P0002,F,2006-12-04,Gampaha
3,P0003,M,1959-02-14,Galle
4,P0004,M,1990-02-09,Matara
5,P0005,F,1975-01-20,Colombo
6,P0006,F,1972-05-16,Matara
7,P0007,F,1957-07-30,Jaffna
8,P0008,F,2005-07-01,Jaffna
9,P0009,F,2003-03-05,Kurunegala
10,P0010,M,2004-11-03,Colombo
11,P0011,F,2009-10-02,Gampaha
12,P0012,F,1956-01-05,Gampaha
13,P0013,F,1982-01-30,Kurunegala
14,P0014,M,1997-02-12,Colombo
15,P0015,M,1975-03-17,Kandy
16,P0016,M,1998-05-25,Gampaha
17,P0017,F,2010-12-10,Kurunegala
18,P0018,F,2002-08-02,Gampaha
19,P0019,F,2017-09-24,Kandy
20,P0020,M,1961-04-28,Gampaha
21,P0021,F,1986-08-29,Jaffna
22,P0022,F,2003-03-05,Jaffna
23,P0023,F,1980-12-30,Jaffna
24,P0024,M,2001-04-07,Kurunegala
25,P0025,M,1984-06-22,Kalutara
26,P0026,M,1965-07-10,Kandy
27,P0027,M,1980-06-05,Gampaha
28,P0028,M,1965-06-28,Galle
29,P0029,F,2002-02-04,Matara
30,P0030,M,1997-01-21,Kurunegala
31,P0031,F,2000-08-24,Kurunegala
32,P0032,F,1998-05-13,Galle
33,P0033,F,2009-10-22,Colombo
34,P0034,M,1990-06-05,Matara
35,P0035,F,1954-01-14,Matara
36,P0036,F,1984-08-30,Kandy
37,P0037,F,2000-12-11,Jaffna
38,P0038,F,1957-03-13,Kurunegala
39,P0039,F,1953-05-14,Gampaha
40,P0040,M,1979-04-02,Jaffna
41,P0041,M,1993-08-12,Matara
42,P0042,F,1997-02-03,Galle
43,P0043,F,2001-06-22,Jaffna
44,P0044,M,1988-11-10,Galle
45,P0045,F,1965-02-23,Galle
46,P0046,M,2013-09-11,Gampaha
47,P0047,M,1954-07-27,Kalutara
48,P0048,F,2009-08-03,Colombo
49,P0049,M,2001-08-12,Jaffna
50,P0050,M,1991-02-27,Kandy
51,P0051,M,1950-03-14,Jaffna
52,P0052,F,2013-02-18,Galle
53,P0053,M,2006-08-26,Jaffna
54,P0054,M,1959-02-07,Jaffna
55,P0055,M,1985-12-01,Gampaha
56,P0056,M,1993-09-08,Kurunegala
57,P0057,M,1975-11-20,Galle
58,P0058,F,1989-09-23,Matara
59,P0059,M,1998-06-01,Colombo
60,P0060,F,1985-10-16,Gampaha
61,P0061,M,1988-03-28,Galle
62,P0062,M,2013-09-06,Kalutara
63,P0063,F,1990-12-18,Gampaha
64,P0064,F,2013-12-02,Galle
65,P0065,M,1966-05-04,Kandy
66,P0066,F,2014-11-13,Jaffna
67,P0067,M,2004-03-12,Kalutara
68,P0068,F,2005-06-25,Colombo
69,P0069,M,1952-06-16,Gampaha
70,P0070,M,2004-11-18,Galle
71,P0071,M,1971-03-04,Kandy
72,P0072,M,1988-05-08,Colombo
73,P0073,F,1981-08-23,Kandy
74,P0074,F,1984-12-09,Kandy
75,P0075,M,2019-07-17,Colombo
76,P0076,M,1986-07-24,Colombo
77,P0077,M,1996-10-23,Kandy
78,P0078,F,1955-09-04,Matara
79,P0079,F,2011-07-08,Kandy
80,P0080,F,1994-04-17,Colombo
81,P0081,M,1966-01-17,Kandy
82,P0082,M,1960-06-28,Galle
83,P0083,F,1962-09-03,Gampaha
84,P0084,M,2004-04-08,Gampaha
85,P0085,M,1994-08-19,Gampaha
86,P0086,F,1976-03-19,Gampaha
87,P0087,M,1985-03-09,Gampaha
88,P0088,M,2007-05-27,Kandy
89,P0089,F,1988-09-03,Jaffna
90,P0090,F,2013-08-22,Matara
91,P0091,F,1990-04-20,Matara
92,P0092,M,2013-12-17,Gampaha
93,P0093,M,2005-11-30,Kandy
94,P0094,F,2008-08-20,Kalutara
95,P0095,F,1998-06-29,Kandy
96,P0096,F,1998-03-15,Jaffna
97,P0097,M,1977-10-13,Jaffna
98,P0098,F,1959-07-12,Colombo
99,P0099,M,1960-08-03,Galle
100,P0100,M,2003-03-26,Kandy
101,P0101,F,1974-02-06,Colombo
102,P0102,F,1962-08-13,Matara
103,P0103,F,2019-01-20,Galle
104,P0104,F,2012-06-27,Matara
105,P0105,M,2010-05-23,Galle
106,P0106,M,1955-04-15,Gampaha
107,P0107,F,1955-06-27,Kandy
108,P0108,F,1995-04-10,Galle
109,P0109,F,1979-02-12,Gampaha
110,P0110,F,1986-04-22,Kandy
111,P0111,F,2015-08-06,Gampaha
112,P0112,M,1954-05-23,Matara
113,P0113,F,1956-03-12,Kurunegala
114,P0114,F,1954-04-14,Gampaha
115,P0115,F,1984-12-28,Jaffna
116,P0116,F,2005-12-12,Colombo
117,P0117,M,2010-12-15,Gampaha
118,P0118,M,1975-02-23,Matara
119,P0119,F,1954-12-26,Kalutara
120,P0120,F,1954-08-14,Kalutara
121,P0121,M,1980-02-14,Galle
122,P0122,M,1996-09-13,Matara
123,P0123,M,1950-06-30,Kurunegala
124,P0124,M,2006-12-22,Kandy
125,P0125,M,1974-03-03,Jaffna
126,P0126,M,1987-03-30,Gampaha
127,P0127,M,2002-12-06,Colombo
128,P0128,M,1978-08-04,Gampaha
129,P0129,M,2015-09-10,Gampaha
130,P0130,F,1983-09-23,Kurunegala
131,P0131,M,1974-10-13,Galle
132,P0132,F,1985-11-24,Jaffna
133,P0133,M,1970-01-23,Jaffna
134,P0134,M,1988-07-01,Matara
135,P0135,F,1987-05-26,Kalutara
136,P0136,M,1998-03-01,Kandy
137,P0137,M,2006-08-11,Matara
138,P0138,F,1999-07-02,Kalutara
139,P0139,F,1999-11-10,Galle
140,P0140,F,1959-02-24,Gampaha
141,P0141,M,1953-12-18,Colombo
142,P0142,F,2016-02-14,Galle
143,P0143,F,1969-03-30,Jaffna
144,P0144,M,2002-11-26,Jaffna
145,P0145,F,1990-01-16,Kurunegala
146,P0146,F,1951-12-15,Kandy
147,P0147,F,1975-05-19,Galle
148,P0148,M,1961-06-13,Gampaha
149,P0149,M,2011-12-23,Kalutara
150,P0150,F,2011-04-20,Galle
151,P0151,M,2011-07-13,Kandy
152,P0152,F,1978-07-29,Matara
153,P0153,M,2012-02-10,Colombo
154,P0154,M,1997-04-04,Kurunegala
155,P0155,F,1985-07-20,Colombo
156,P0156,M,1952-04-04,Gampaha
157,P0157,M,2017-06-17,Kalutara
158,P0158,F,1978-08-02,Jaffna
159,P0159,F,1966-11-11,Kandy
160,P0160,M,1956-11-27,Kandy
161,P0161,F,1991-05-06,Gampaha
162,P0162,F,1970-09-11,Galle
163,P0163,M,1973-11-08,Jaffna
164,P0164,M,1997-10-09,Jaffna
165,P0165,M,2017-09-05,Kurunegala
166,P0166,M,2000-05-22,Jaffna
167,P0167,M,1985-09-12,Kandy
168,P0168,F,1997-03-10,Kandy
169,P0169,M,1994-02-08,Jaffna
170,P0170,M,2002-11-02,Matara
171,P0171,F,2008-07-18,Kalutara
172,P0172,M,2008-08-22,Galle
173,P0173,F,1993-10-03,Jaffna
174,P0174,F,2003-06-23,Colombo
175,P0175,M,1989-05-06,Matara
176,P0176,M,1993-12-03,Kalutara
177,P0177,M,1956-06-05,Matara
178,P0178,M,1962-10-07,Colombo
179,P0179,M,1983-08-24,Matara
180,P0180,M,1993-05-05,Matara
181,P0181,F,1980-05-06,Colombo
182,P0182,M,1974-02-18,Galle
183,P0183,F,1960-07-23,Kandy
184,P0184,F,1983-08-07,Gampaha
185,P0185,M,1975-08-20,Kandy
186,P0186,F,1985-12-11,Matara
187,P0187,F,2019-08-08,Kalutara
188,P0188,F,1989-11-17,Kalutara
189,P0189,M,2018-02-07,Matara
190,P0190,F,1967-03-25,Jaffna
191,P0191,M,1979-04-09,Gampaha
192,P0192,F,1997-04-18,Jaffna
193,P0193,F,2015-01-17,Kandy
194,P0194,M,1992-04-15,Kurunegala
195,P0195,F,1993-09-12,Gampaha
196,P0196,M,1966-12-03,Kalutara
197,P0197,M,1977-08-21,Matara
198,P0198,M,1953-10-22,Kandy
199,P0199,M,1958-06-13,Matara
200,P0200,M,1981-09-26,Kalutara
201,P0201,F,1969-12-13,Galle
202,P0202,M,1978-03-08,Kurunegala
203,P0203,M,1994-12-10,Kurunegala
204,P0204,M,1994-02-13,Gampaha
205,P0205,M,1996-07-05,Colombo
206,P0206,M,2007-01-28,Colombo
207,P0207,F,1991-07-10,Galle
208,P0208,M,1965-07-12,Jaffna
209,P0209,F,1995-12-09,Colombo
210,P0210,F,2012-09-06,Galle
211,P0211,M,2001-01-29,Matara
212,P0212,F,1959-04-28,Matara
213,P0213,M,1950-11-30,Jaffna
214,P0214,F,1964-03-01,Jaffna
215,P0215,M,1959-01-24,Galle
216,P0216,F,1975-02-04,Kurunegala
217,P0217,F,2001-05-25,Kurunegala
218,P0218,F,1973-05-21,Colombo
219,P0219,F,2005-12-10,Galle
220,P0220,F,1959-07-31,Kurunegala
221,P0221,F,2010-05-04,Kandy
222,P0222,M,1960-06-29,Kandy
223,P0223,F,1981-08-13,Matara
224,P0224,M,1974-11-02,Kalutara
225,P0225,M,2019-10-05,Gampaha
226,P0226,M,1955-05-26,Gampaha
227,P0227,F,2002-06-17,Kalutara
228,P0228,M,1956-06-02,Colombo
229,P0229,M,2010-05-11,Gampaha
230,P0230,F,1983-11-22,Kalutara
231,P0231,F,1996-04-11,Galle
232,P0232,M,2019-06-23,Kalutara
233,P0233,M,1994-04-13,Jaffna
234,P0234,M,1980-07-01,Gampaha
235,P0235,M,1965-02-16,Kurunegala
236,P0236,F,1998-05-02,Colombo
237,P0237,F,1951-01-11,Jaffna
238,P0238,F,1986-05-08,Kalutara
239,P0239,F,2004-09-06,Gampaha
240,P0240,M,2016-02-09,Kalutara
241,P0241,F,1987-10-06,Gampaha
242,P0242,M,1955-03-18,Matara
243,P0243,F,1986-01-26,Matara
244,P0244,F,1953-10-03,Kalutara
245,P0245,F,1990-02-20,Jaffna
246,P0246,M,2013-10-25,Kandy
247,P0247,M,1955-01-19,Kandy
248,P0248,M,1967-06-05,Galle
249,P0249,M,1975-08-05,Galle
250,P0250,M,2004-07-12,Gampaha
251,P0251,M,1988-07-08,Gampaha
252,P0252,F,1974-03-08,Matara
253,P0253,F,1978-07-02,Matara
254,P0254,F,1953-08-02,Kandy
255,P0255,F,2010-10-12,Jaffna
256,P0256,F,1985-01-29,Kalutara
257,P0257,F,1996-10-21,Kalutara
258,P0258,M,1971-06-25,Kandy
259,P0259,M,1966-10-16,Colombo
260,P0260,M,1953-10-15,Colombo
261,P0261,M,1991-10-28,Colombo
262,P0262,M,2007-01-11,Matara
263,P0263,F,1974-12-16,Colombo
264,P0264,F,2010-05-31,Kalutara
265,P0265,M,1970-07-17,Matara
266,P0266,F,2013-11-01,Colombo
267,P0267,F,2019-05-28,Gampaha
268,P0268,F,1985-12-31,Kalutara
269,P0269,M,1997-11-16,Jaffna
270,P0270,F,2004-04-16,Kalutara
271,P0271,F,2010-09-26,Kurunegala
272,P0272,M,1971-06-06,Kalutara
273,P0273,F,2012-07-19,Kalutara
274,P0274,F,2005-01-12,Jaffna
275,P0275,F,1969-05-03,Kurunegala
276,P0276,F,1986-09-30,Kandy
277,P0277,F,1974-08-26,Colombo
278,P0278,F,1957-09-28,Gampaha
279,P0279,F,1981-10-13,Galle
280,P0280,F,1956-12-31,Kalutara
281,P0281,M,1978-11-30,Kurunegala
282,P0282,M,1962-01-12,Kalutara
283,P0283,F,1958-06-28,Gampaha
284,P0284,M,1967-03-17,Kandy
285,P0285,M,2007-07-27,Colombo
286,P0286,F,2014-03-28,Matara
287,P0287,M,1962-05-05,Kalutara
288,P0288,F,2018-08-20,Kandy
289,P0289,M,1953-06-26,Kalutara
290,P0290,M,1952-08-18,Colombo
291,P0291,F,1966-04-04,Kurunegala
292,P0292,F,2001-11-17,Kandy
293,P0293,F,1962-10-05,Jaffna
294,P0294,F,1956-01-10,Matara
295,P0295,M,2012-03-14,Matara
296,P0296,M,1961-03-30,Gampaha
297,P0297,F,2012-04-21,Gampaha
298,P0298,F,2009-06-09,Colombo
299,P0299,F,1963-04-14,Gampaha
300,P0300,F,1996-12-24,Kalutara
