doctor_id,doctor_name,specialty
D01,Dr. Anil Perera,General Medicine
D02,Dr. Dilani Silva,Cardiology
D03,Dr. Kasun Fernando,dermatology
D04,Dr. Nimali Jayasinghe,Paediatrics
D05,Dr. Ruwan Wickramasinghe,Orthopaedics
D06,Dr. Sanduni Bandara,Neurology
D07,Dr. Tharindu Rajapaksha,General Medicine
D08,Dr. Ishara Gunawardena,CARDIOLOGY
D09,Dr. Mahesh Senanayake,Dermatology
D10,Dr. Chathuri Herath,Paediatrics
D11,Dr. Pradeep Perera, Orthopaedics
D12,Dr. Shalini Silva,Neurology
D13,Dr. Lahiru Fernando,General Medicine
D14,Dr. Nadeesha Jayasinghe,cardiology 
D15,Dr. Suresh Wickramasinghe,Dermatology
D16,Dr. Kavindi Bandara,Paediatrics
D17,Dr. Asela Rajapaksha,Orthopaedics
D18,Dr. Hiruni Gunawardena,Neurology  
D19,Dr. Janaka Senanayake,General Medicine
D20,Dr. Minoli Herath,Cardiology
D07,Dr. Tharindu Rajapaksha,general medicine 
