appointment_id,patient_sk,doctor_sk,clinic_sk,date_sk,wait_minutes,consultation_minutes,fee_lkr
A00465,201,15,5,115,3,28,3500.0
A00270,11,19,1,69,2,16,2500.0
A00976,97,20,5,231,13,29,4500.0
A00657,255,4,4,160,2,10,3000.0
A00983,70,15,5,232,40,30,3500.0
A00477,161,18,3,119,44,10,5000.0
A01213,27,15,5,119,27,15,3500.0
A01181,14,5,5,284,55,33,4000.0
A00249,144,1,3,63,21,15,2500.0
A00729,265,14,4,175,74,22,4500.0
A00905,251,17,2,216,40,10,4000.0
A01202,130,18,3,290,3,22,5000.0
A01265,250,20,5,304,76,34,4500.0
A01363,100,15,5,329,10,18,3500.0
A00770,132,2,2,185,5,15,4500.0
A00469,238,3,3,116,30,13,3500.0
A00659,152,5,5,160,31,13,4000.0
A00851,116,17,2,202,104,26,4000.0
A00904,143,6,1,216,5,14,5000.0
A01244,13,19,1,300,39,31,2500.0
A00284,264,16,1,72,5,9,3000.0
A00118,181,13,5,31,46,26,2500.0
A00408,206,5,5,31,3,14,4000.0
A00843,52,10,2,200,2,29,3000.0
A00773,212,19,4,185,150,27,2500.0
A00051,285,15,5,15,67,10,3500.0
A00692,4,17,2,167,20,18,4000.0
A00709,132,2,2,170,3,25,4500.0
A00928,49,5,5,219,51,16,4000.0
A01283,153,10,2,219,3,15,3000.0
A00951,10,5,5,219,4,26,4000.0
A00570,50,18,3,140,18,25,5000.0
A00069,74,13,3,21,25,17,2500.0
A01226,202,3,3,294,6,17,3500.0
A00739,165,16,3,177,24,16,3000.0
A00807,86,9,4,192,36,28,3500.0
A00624,179,19,1,154,33,20,2500.0
A00117,38,15,5,30,34,27,3500.0
A00273,240,16,1,70,8,34,3000.0
A00104,132,19,1,29,42,26,2500.0
A01311,91,14,4,317,154,26,4500.0
A00922,164,17,2,219,132,34,4000.0
A00890,204,1,3,212,180,24,2500.0
A00674,55,5,5,162,7,24,4000.0
A01338,297,10,5,323,41,28,3000.0
A01460,12,17,2,354,43,8,4000.0
A01134,149,19,4,270,24,35,2500.0
A00829,277,6,1,198,58,16,5000.0
A00644,78,17,2,157,86,15,4000.0
A01412,119,18,3,340,37,8,5000.0
A01332,220,14,4,322,43,14,
A01421,278,14,4,342,7,33,
A00537,223,11,1,134,1,17,
A00022,143,2,2,8,3,14,4500.0
A00159,13,1,3,43,39,34,2500.0
A00173,89,18,3,45,14,15,5000.0
A00133,289,13,5,35,127,23,2500.0
A00252,251,6,1,65,86,10,5000.0
A01239,273,4,4,297,33,21,3000.0
A00901,297,10,2,214,5,25,3000.0
A01254,221,19,4,302,11,9,2500.0
A01445,246,16,1,351,27,24,3000.0
A00654,198,11,1,160,147,30,4000.0
A00185,138,11,1,50,38,27,4000.0
A00610,126,5,5,149,18,13,4000.0
A00568,91,8,3,140,5,8,4500.0
A00629,278,15,5,154,46,24,3500.0
A01247,47,20,5,300,27,33,4500.0
A00215,203,1,3,56,23,17,2500.0
A00336,114,8,3,84,46,29,4500.0
A01280,240,19,4,309,21,25,2500.0
A01470,75,10,2,358,0,35,3000.0
A00483,155,6,1,120,25,27,5000.0
A00743,50,11,1,178,38,34,4000.0
A01193,293,8,3,288,107,21,4500.0
A00052,254,6,1,288,14,28,5000.0
A01147,295,16,1,274,28,34,3000.0
A01519,226,9,4,300,21,22,3500.0
A00775,135,13,5,185,11,12,2500.0
A00842,14,13,5,199,7,16,2500.0
A01319,187,19,1,321,73,16,2500.0
A01377,116,11,1,332,25,27,4000.0
A00419,9,18,3,332,28,33,5000.0
A00740,122,18,3,332,40,13,5000.0
A00296,29,20,5,74,20,10,4500.0
A01502,260,7,2,115,28,17,2500.0
A00876,43,9,4,207,13,20,3500.0
A01497,221,9,4,365,27,32,3500.0
A00166,211,11,1,44,53,16,4000.0
A01148,31,13,3,274,1,25,
A00364,27,3,3,91,46,25,3500.0
A00758,136,6,1,183,66,13,5000.0
A00871,128,12,2,206,4,17,5000.0
A00575,105,9,4,141,6,27,3500.0
A00667,223,13,5,161,16,15,2500.0
A00315,169,11,1,79,20,14,4000.0
A00683,165,4,4,165,36,12,3000.0
A00649,182,2,2,158,104,24,4500.0
A00762,22,19,4,183,54,18,2500.0
A00155,285,6,1,42,70,16,5000.0
A01237,230,11,1,297,168,8,4000.0
A00586,152,18,3,143,6,32,5000.0
A00063,19,4,4,20,71,9,3000.0
A00700,236,20,5,167,99,15,4500.0
A00603,256,5,5,147,10,15,4000.0
A01411,177,3,3,340,5,20,3500.0
A01275,91,18,3,308,14,21,5000.0
A01510,232,10,2,209,23,17,3000.0
A00432,220,3,3,108,83,8,3500.0
A00319,182,2,2,80,27,19,4500.0
A00574,19,7,2,141,45,19,2500.0
A00302,144,11,1,77,27,16,4000.0
A01361,239,8,3,329,7,27,4500.0
A00128,252,9,4,329,21,33,3500.0
A01366,46,16,1,330,27,26,3000.0
A00040,41,11,1,13,34,15,4000.0
A00774,103,10,5,185,32,13,3000.0
A00395,146,15,5,97,66,17,3500.0
A00018,1,18,3,97,41,13,5000.0
A01278,97,15,5,308,16,14,3500.0
A00954,34,3,3,226,1,28,3500.0
A00440,54,1,1,111,5,35,2500.0
A01271,217,14,4,307,74,13,4500.0
A01063,297,15,5,251,17,11,3500.0
A01211,250,12,2,291,8,29,5000.0
A01379,20,2,2,332,13,34,4500.0
A00899,66,10,5,213,44,13,3000.0
A00912,175,20,5,217,18,29,4500.0
A00672,214,12,2,162,44,35,5000.0
A00527,136,5,5,130,127,15,4000.0
A00066,90,16,1,21,2,25,3000.0
A00234,255,7,2,60,20,28,2500.0
A01101,229,4,4,260,13,29,3000.0
A01110,270,14,4,262,15,29,4500.0
A00864,261,18,3,204,180,34,5000.0
A00138,291,15,5,36,2,24,3500.0
A01167,12,13,5,280,48,30,2500.0
A00214,243,12,2,56,31,27,5000.0
A00241,24,17,2,62,16,28,4000.0
A00777,83,14,4,186,88,19,4500.0
A00100,49,5,5,28,2,27,4000.0
A00506,115,6,1,127,81,26,5000.0
A01157,74,1,3,276,26,10,2500.0
A00808,256,9,4,192,7,23,3500.0
A00471,31,8,3,118,3,33,4500.0
A00515,95,9,4,118,10,19,3500.0
A00858,10,9,4,203,40,30,3500.0
A00044,20,5,5,203,10,30,4000.0
A01068,169,11,1,253,2,28,4000.0
A01406,298,13,5,339,13,24,2500.0
A00726,161,8,3,175,50,14,4500.0
A01153,223,8,3,275,25,35,4500.0
A00425,151,10,5,105,4,8,3000.0
A00756,141,1,3,182,10,32,2500.0
A00588,10,14,4,182,22,33,4500.0
A01203,279,18,3,290,128,32,5000.0
A01375,163,6,1,332,25,12,5000.0
A00517,192,14,4,129,6,26,4500.0
A00721,20,8,3,174,6,26,4500.0
A00503,154,13,5,126,0,21,2500.0
A01207,9,1,1,291,27,33,2500.0
A00888,181,7,2,211,18,24,2500.0
A00024,143,12,2,8,33,32,5000.0
A00550,59,1,1,136,8,16,2500.0
A01492,31,7,2,364,60,9,2500.0
A00161,256,13,3,43,21,30,2500.0
A00879,142,16,1,209,3,29,3000.0
A01389,102,3,3,336,15,30,3500.0
A00019,270,6,1,6,41,9,5000.0
A00723,136,18,3,174,30,9,5000.0
A00929,24,15,5,219,2,32,3500.0
A01458,213,1,1,353,5,14,2500.0
A01150,7,2,2,275,23,11,4500.0
A00007,118,7,4,2,74,12,2500.0
A01204,227,9,4,290,52,20,3500.0
A00640,18,18,3,156,42,30,5000.0
A00272,161,12,2,69,12,26,5000.0
A00194,88,3,3,52,29,18,3500.0
A01040,20,7,2,247,32,29,2500.0
A00720,174,2,2,174,61,14,
A01356,280,12,2,328,32,14,5000.0
A00981,56,5,5,328,0,17,4000.0
A01131,221,10,2,270,26,12,3000.0
A00409,198,17,2,102,5,29,4000.0
A00641,90,9,4,156,69,30,3500.0
A00793,219,5,5,189,16,10,4000.0
A00816,290,19,1,195,85,35,2500.0
A00885,210,10,2,195,1,32,3000.0
A00609,270,7,4,149,40,13,2500.0
A01070,225,16,3,254,160,29,3000.0
A00856,135,1,3,203,36,34,2500.0
A00681,108,7,2,165,32,31,2500.0
A01012,49,9,4,239,24,9,3500.0
A01177,59,20,5,283,0,26,4500.0
A00580,93,7,4,142,86,28,2500.0
A01473,203,20,5,358,53,34,4500.0
A00221,73,3,3,57,120,31,3500.0
A00932,13,1,1,221,8,35,2500.0
A00368,199,15,5,91,36,28,3500.0
A01516,196,14,4,265,14,13,4500.0
A00443,159,3,3,111,180,25,3500.0
A00407,104,16,3,101,79,18,3000.0
A00693,206,17,2,167,14,21,4000.0
A01004,221,4,1,238,10,12,3000.0
A01484,43,3,3,361,66,9,3500.0
A00098,236,18,3,28,39,24,5000.0
A00688,253,11,1,167,20,18,4000.0
A01043,267,10,5,247,16,12,3000.0
A00123,117,4,1,34,44,18,3000.0
A00766,42,17,2,184,10,10,4000.0
A00094,158,9,4,25,17,20,3500.0
A00950,64,1,3,225,36,18,2500.0
A00987,110,5,5,233,84,18,4000.0
A01031,118,5,5,244,156,16,4000.0
A00198,213,19,4,52,69,22,2500.0
A00653,171,1,1,160,2,9,2500.0
A01062,79,10,2,160,55,15,3000.0
A00135,12,17,2,36,102,35,4000.0
A00075,64,1,3,22,20,19,2500.0
A00475,286,10,5,118,29,30,3000.0
A01248,268,20,5,300,110,16,4500.0
A00461,276,9,4,114,2,9,3500.0
A00840,199,8,3,199,45,28,4500.0
A00535,224,15,5,133,6,32,3500.0
A01266,89,7,2,305,65,18,2500.0
A01386,82,20,5,335,0,33,4500.0
A00747,95,5,5,178,1,17,4000.0
A01151,79,10,2,275,53,12,3000.0
A01005,13,12,2,238,29,15,5000.0
A00332,170,15,5,83,19,11,3500.0
A00913,210,1,1,218,86,33,2500.0
A00908,7,3,3,217,10,25,3500.0
A00969,187,4,4,230,23,22,3000.0
A01087,171,6,1,258,8,25,5000.0
A00220,123,12,2,57,2,30,5000.0
A01410,25,1,3,340,40,29,2500.0
A00346,117,15,5,86,22,18,3500.0
A00177,11,4,1,48,63,21,3000.0
A01121,20,9,4,267,60,13,3500.0
A00328,219,17,2,83,19,14,4000.0
A00298,199,1,3,76,92,25,2500.0
A01288,22,20,5,310,165,27,4500.0
A00679,42,20,5,163,13,25,4500.0
A00275,24,17,2,70,29,13,4000.0
A00474,258,5,5,118,70,30,4000.0
A00481,112,15,5,119,21,29,3500.0
A01007,291,1,3,238,26,20,2500.0
A00853,224,20,5,202,22,19,4500.0
A00518,57,5,5,129,17,18,4000.0
A00780,292,6,1,188,58,9,5000.0
A00809,294,5,5,192,27,22,4000.0
A00002,265,12,2,1,3,35,5000.0
A00156,5,7,4,42,28,24,2500.0
A01118,199,13,5,266,115,32,2500.0
A00639,115,13,3,156,15,34,2500.0
A00735,130,14,4,176,16,14,4500.0
A01228,175,11,1,295,23,15,4000.0
A00114,101,7,4,30,18,33,2500.0
A00731,130,1,3,176,39,8,2500.0
A00501,73,5,5,126,41,16,4000.0
A00701,82,9,4,168,173,29,3500.0
A01397,11,15,5,337,43,22,3500.0
A00001,197,7,2,1,60,24,2500.0
A00621,205,18,3,153,2,15,5000.0
A00974,55,17,2,231,14,21,4000.0
A00502,98,5,5,126,14,21,4000.0
A00611,274,2,2,150,1,15,4500.0
A01350,223,3,3,325,20,31,3500.0
A00686,49,15,5,165,2,24,3500.0
A01327,80,13,3,322,18,14,2500.0
A00371,119,2,2,92,20,13,4500.0
A01116,48,4,1,266,30,24,3000.0
A01238,271,13,3,297,45,16,2500.0
A00827,140,14,4,197,40,9,4500.0
A01090,219,11,1,259,143,35,4000.0
A00256,64,4,1,66,53,23,3000.0
A01273,261,20,5,307,16,10,4500.0
A00137,51,13,3,36,24,17,2500.0
A00633,105,10,2,155,5,23,3000.0
A01323,277,14,4,321,12,25,4500.0
A00970,44,5,5,230,8,27,4000.0
A01402,89,1,1,339,21,20,2500.0
A01258,189,13,3,303,57,27,2500.0
A01188,259,20,5,287,18,22,4500.0
A01154,228,13,5,275,16,12,2500.0
A01241,7,9,4,298,60,35,3500.0
A00572,182,15,5,298,4,33,3500.0
A00048,175,14,4,14,67,19,4500.0
A01240,8,8,3,298,28,11,4500.0
A00599,172,12,2,147,4,18,5000.0
A00227,73,20,5,147,0,21,4500.0
A01221,32,20,5,293,10,29,4500.0
A00434,170,6,1,109,28,17,5000.0
A00722,215,13,3,174,12,32,2500.0
A00421,206,9,4,105,18,28,3500.0
A00390,125,13,5,95,7,26,2500.0
A01369,5,17,2,330,16,12,4000.0
A01471,186,9,4,358,12,17,3500.0
A01234,238,12,2,296,55,24,5000.0
A00505,134,1,1,127,43,14,2500.0
A00285,168,2,2,72,180,9,4500.0
A00042,100,18,3,13,42,29,5000.0
A01252,163,12,2,302,32,26,5000.0
A00815,25,6,1,195,3,26,5000.0
A00689,74,2,2,195,154,19,4500.0
A00297,109,12,2,195,8,30,5000.0
A00376,172,5,5,92,16,29,4000.0
A00027,5,15,5,9,36,8,3500.0
A01462,22,14,4,354,3,18,4500.0
A00317,107,18,3,79,55,26,5000.0
A00184,289,20,5,49,7,15,4500.0
A00228,102,11,1,59,1,27,4000.0
A00427,92,4,4,106,7,9,3000.0
A00318,106,2,2,80,55,26,4500.0
A00948,232,4,1,225,36,28,3000.0
A01493,158,18,3,364,51,17,5000.0
A00670,37,11,1,162,19,24,4000.0
A00323,201,2,2,81,50,30,4500.0
A00452,273,15,5,112,12,30,3500.0
A00894,274,20,5,212,27,23,4500.0
A01370,204,9,4,330,1,19,3500.0
A00036,129,10,5,10,17,25,3000.0
A00975,215,9,4,231,47,16,3500.0
A00411,9,9,4,102,22,30,3500.0
A00397,158,7,2,98,180,10,2500.0
A00717,134,3,3,172,43,23,3500.0
A00453,244,20,5,112,42,31,4500.0
A01405,159,9,4,339,28,16,3500.0
A00828,96,1,1,198,17,27,2500.0
A00287,228,18,3,72,39,11,5000.0
A00589,49,15,5,143,25,12,3500.0
A01256,259,3,3,303,12,14,3500.0
A00074,285,6,1,22,22,26,5000.0
A00442,120,17,2,111,19,22,4000.0
A00933,281,6,1,221,82,33,5000.0
A00340,191,9,4,85,10,14,3500.0
A00668,74,20,5,161,100,19,4500.0
A01233,97,8,3,295,38,20,4500.0
A01430,106,11,1,346,10,13,4000.0
A01413,181,18,3,340,41,27,5000.0
A00236,147,17,2,60,3,24,4000.0
A00867,167,19,4,205,12,25,2500.0
A01146,253,20,5,273,2,8,4500.0
A01178,114,6,1,284,0,31,5000.0
A00637,291,6,1,156,77,14,5000.0
A00057,178,14,4,17,8,30,4500.0
A01095,97,20,5,17,12,22,4500.0
A00979,35,18,3,232,7,12,5000.0
A01173,265,15,5,282,33,23,3500.0
A01025,6,20,5,242,21,28,4500.0
A00557,131,19,4,137,47,9,2500.0
A00755,64,10,2,182,103,13,3000.0
A01030,263,8,3,244,49,31,4500.0
A00561,68,1,1,140,106,33,2500.0
A00835,18,20,5,198,80,35,4500.0
A00077,270,18,3,22,3,31,5000.0
A00822,217,7,4,196,40,27,2500.0
A00559,287,3,3,139,20,19,3500.0
A01455,70,5,5,352,1,11,4000.0
A01229,207,2,2,295,49,8,4500.0
A00845,138,3,3,200,4,24,3500.0
A00312,6,5,5,78,89,29,4000.0
A00803,79,19,1,192,24,35,2500.0
A01200,96,8,3,290,25,20,4500.0
A01126,170,1,1,269,104,18,2500.0
A01027,158,12,2,244,40,11,5000.0
A00380,13,13,3,93,40,21,2500.0
A00998,106,12,2,237,5,28,5000.0
A01195,11,4,4,288,8,10,3000.0
A01035,298,10,2,246,11,25,3000.0
A00158,202,17,2,43,10,24,4000.0
A00997,223,15,5,235,29,21,3500.0
A00536,282,20,5,133,26,26,4500.0
A00718,48,1,1,174,10,17,2500.0
A00280,140,18,3,71,23,16,5000.0
A01010,267,4,1,239,17,33,3000.0
A01448,91,19,4,351,7,24,2500.0
A00966,75,10,2,230,13,25,3000.0
A00676,71,11,1,163,3,20,4000.0
A00660,289,7,2,161,68,29,2500.0
A00764,213,12,2,161,5,30,5000.0
A00652,165,15,5,158,0,24,3500.0
A00551,125,6,1,136,55,8,5000.0
A00868,297,19,4,205,24,11,2500.0
A00986,252,19,4,233,6,31,2500.0
A00510,159,8,3,127,6,13,4500.0
A00291,221,4,4,73,15,23,3000.0
A01192,223,1,3,288,-9,31,2500.0
A00786,218,11,1,189,13,12,4000.0
A01316,18,18,3,318,56,34,5000.0
A01387,168,20,5,335,7,8,4500.0
A00175,285,14,4,45,15,13,4500.0
A00767,68,8,3,184,13,33,4500.0
A01142,53,12,2,273,58,21,5000.0
A00050,151,1,3,15,72,15,2500.0
A00260,52,16,3,66,2,34,3000.0
A01478,170,9,4,359,26,30,3500.0
A01066,238,15,5,252,5,19,3500.0
A01472,77,14,4,358,59,18,4500.0
A00429,35,14,4,106,47,22,4500.0
A00378,207,1,3,93,4,12,2500.0
A00596,256,3,3,146,30,15,3500.0
A01321,233,8,3,321,0,32,4500.0
A00620,54,2,2,153,37,12,4500.0
A00245,241,1,1,63,30,8,2500.0
A01003,175,20,5,237,13,31,4500.0
A00455,89,12,2,113,137,29,5000.0
A00627,263,18,3,154,85,12,5000.0
A01130,82,19,1,270,62,13,2500.0
A01515,147,15,5,249,52,19,3500.0
A00548,62,10,5,135,10,32,3000.0
A01376,86,11,1,332,26,31,4000.0
A01259,77,14,4,303,28,20,4500.0
A00264,16,1,1,67,89,35,2500.0
A00120,260,11,1,32,18,12,4000.0
A00139,181,11,1,37,35,18,4000.0
A00431,171,11,1,108,46,29,4000.0
A00682,42,12,2,165,6,25,5000.0
A00963,217,1,3,228,79,17,2500.0
A01270,17,16,3,307,6,12,3000.0
A00526,193,9,4,130,51,31,3500.0
A00367,60,5,5,91,8,13,4000.0
A00860,66,10,2,204,0,14,3000.0
A00068,95,8,3,21,21,9,4500.0
A00959,110,14,4,227,30,33,4500.0
A00779,63,5,5,186,1,12,4000.0
A00972,173,13,5,230,25,21,2500.0
A00547,280,19,4,135,103,21,2500.0
A01341,171,19,1,324,62,12,2500.0
A00920,250,2,2,219,2,35,4500.0
A00265,172,1,1,67,131,19,2500.0
A01329,286,16,3,322,9,16,3000.0
A01057,17,10,5,249,7,23,3000.0
A00497,27,14,4,125,11,8,4500.0
A01009,126,20,5,238,2,32,4500.0
A00190,148,13,5,50,9,33,2500.0
A00343,99,13,3,86,6,19,2500.0
A00225,165,13,3,58,32,8,2500.0
A00962,178,7,2,228,23,28,2500.0
A00240,124,2,2,62,5,23,4500.0
A00112,198,1,3,30,11,8,2500.0
A00144,163,18,3,38,37,30,5000.0
A00454,236,2,2,113,27,16,4500.0
A01163,102,13,5,279,180,29,2500.0
A00174,251,18,3,45,42,27,5000.0
A01353,225,10,5,325,10,26,3000.0
A01400,189,19,4,338,3,21,2500.0
A00102,198,13,5,28,50,28,2500.0
A00219,190,15,5,56,36,28,3500.0
A01140,106,18,3,272,1,20,5000.0
A00020,37,19,1,6,15,27,2500.0
A00837,217,12,2,199,89,25,
A01432,173,7,4,346,12,34,2500.0
A01488,203,14,4,363,34,17,4500.0
A00632,142,7,2,155,78,24,2500.0
A00388,44,19,1,95,19,16,2500.0
A00787,71,2,2,189,13,9,4500.0
A01011,165,16,1,239,8,31,3000.0
A01212,197,18,3,291,21,16,5000.0
A00267,205,19,4,67,68,12,2500.0
A01141,182,6,1,273,0,22,5000.0
A00492,232,1,3,123,0,11,2500.0
A00045,139,5,5,13,8,23,4000.0
A00992,230,18,3,234,4,23,5000.0
A00248,298,10,2,63,28,33,3000.0
A00433,12,9,4,108,161,33,3500.0
A01394,273,1,3,337,26,35,2500.0
A01067,7,6,1,253,68,24,5000.0
A00531,168,14,4,132,24,24,4500.0
A01072,183,19,4,254,13,30,2500.0
A01160,199,14,4,277,9,15,4500.0
A00590,54,20,5,143,17,21,4500.0
A00591,199,19,1,144,14,29,2500.0
A00463,128,17,2,115,137,17,4000.0
A00122,152,13,3,32,9,27,2500.0
A01367,264,19,1,330,75,13,2500.0
A00473,249,5,5,118,48,27,4000.0
A01325,11,10,2,322,19,21,3000.0
A01257,226,8,3,303,0,24,4500.0
A00690,296,2,2,167,24,16,4500.0
A00882,260,3,3,209,15,22,3500.0
A01179,35,11,1,284,25,10,4000.0
A01182,235,2,2,286,14,26,4500.0
A00549,292,15,5,135,105,18,3500.0
A01419,130,7,4,342,7,20,2500.0
A00569,48,16,3,140,61,29,3000.0
A00973,175,2,2,231,46,33,4500.0
A00513,37,8,3,128,2,29,4500.0
A00311,70,18,3,78,0,35,5000.0
A00593,81,13,3,144,6,29,2500.0
A01235,169,18,3,296,17,26,5000.0
A01345,116,6,1,325,2,10,5000.0
A00207,256,18,3,55,67,28,5000.0
A01498,250,9,4,365,9,25,3500.0
A00082,153,9,4,23,34,34,3500.0
A01434,14,13,5,346,41,23,2500.0
A00246,18,6,1,63,2,17,5000.0
A01100,70,8,3,260,78,14,4500.0
A00301,154,20,5,76,50,24,4500.0
A01053,86,6,1,249,11,8,5000.0
A00736,146,13,5,176,1,12,2500.0
A00943,273,16,1,224,10,19,3000.0
A01194,193,16,3,288,48,21,3000.0
A00993,55,8,3,235,14,18,4500.0
A00011,49,8,3,3,6,13,4500.0
A00466,165,4,1,116,55,19,3000.0
A01449,48,4,1,352,11,15,3000.0
A00377,150,10,5,92,16,11,3000.0
A00093,94,9,4,25,28,31,3500.0
A01108,54,7,2,262,28,31,2500.0
A01446,5,18,3,351,-7,31,5000.0
A00577,31,2,2,142,50,29,4500.0
A00259,97,8,3,66,20,35,4500.0
A00960,278,14,4,227,34,12,4500.0
A00556,227,9,4,137,58,19,3500.0
A00212,101,12,2,56,34,20,5000.0
A00089,51,6,1,25,124,20,5000.0
A00847,238,7,4,200,63,17,2500.0
A00216,221,16,3,56,29,32,3000.0
A00923,184,17,2,219,27,33,4000.0
A00614,30,13,5,151,1,30,2500.0
A01074,17,10,5,254,108,28,3000.0
A01436,2,6,1,347,30,27,5000.0
A00761,61,9,4,183,34,12,3500.0
A00893,273,7,4,212,17,12,2500.0
A00365,158,14,4,91,24,24,4500.0
A01331,219,14,4,322,4,33,4500.0
A00457,102,19,4,113,7,8,2500.0
A00573,218,6,1,141,34,25,5000.0
A00765,28,17,2,184,1,15,4000.0
A00902,236,1,3,214,14,23,2500.0
A00226,165,9,4,58,1,13,3500.0
A01279,28,9,4,309,19,20,3500.0
A01251,261,11,1,302,10,27,4000.0
A00009,147,14,4,2,84,31,4500.0
A00801,104,15,5,191,31,23,3500.0
A00165,29,11,1,44,38,34,4000.0
A01440,273,19,1,349,34,25,2500.0
A00033,152,12,2,10,41,14,5000.0
A01292,40,8,3,311,1,20,4500.0
A01401,278,19,4,338,33,27,2500.0
A01501,110,1,3,25,21,31,2500.0
A00625,54,1,3,154,23,8,2500.0
A01317,118,5,5,318,27,25,4000.0
A00706,114,13,5,169,36,24,2500.0
A00855,274,11,1,203,6,20,4000.0
A00405,133,6,1,101,14,9,5000.0
A01081,88,7,2,256,42,32,2500.0
A00615,72,15,5,151,120,31,3500.0
A00447,245,15,5,111,0,34,3500.0
A01423,160,20,5,342,20,19,4500.0
A00324,169,3,3,81,76,13,3500.0
A01242,28,14,4,298,1,24,4500.0
A00996,249,19,4,235,52,15,2500.0
A01021,125,8,3,241,4,33,4500.0
A00852,164,18,3,202,59,16,5000.0
A00839,123,8,3,199,37,29,4500.0
A00010,74,5,5,199,71,17,4000.0
A00968,179,8,3,230,76,21,4500.0
A00389,160,14,4,95,11,29,4500.0
A00073,295,4,1,22,50,17,3000.0
A00651,28,19,4,158,36,30,2500.0
A00369,174,20,5,91,1,14,4500.0
A00714,117,4,1,171,46,20,3000.0
A01261,234,2,2,304,105,14,4500.0
A00985,277,14,4,304,32,27,4500.0
A01054,39,11,1,249,29,28,4000.0
A01418,189,4,4,342,46,18,3000.0
A00179,120,3,3,48,27,27,3500.0
A00772,110,9,4,185,28,32,3500.0
A00412,111,9,4,102,86,28,3500.0
A00626,89,8,3,154,20,18,4500.0
A00283,221,16,1,72,30,14,3000.0
A01491,97,2,2,364,24,14,4500.0
A00023,191,7,2,8,20,32,2500.0
A00988,258,20,5,233,57,35,4500.0
A00564,174,2,2,140,20,16,4500.0
A00849,88,6,1,202,33,30,5000.0
A00541,248,14,4,134,11,23,4500.0
A00583,267,4,1,143,106,20,3000.0
A01301,17,16,1,315,45,27,3000.0
A00459,21,18,3,114,72,28,5000.0
A00437,46,16,3,109,80,13,3000.0
A00086,182,18,3,24,16,21,5000.0
A00699,178,14,4,167,2,27,4500.0
A01304,36,15,5,315,11,21,3500.0
A00669,113,20,5,161,6,20,4500.0
A00494,58,5,5,123,1,32,4000.0
A00325,128,13,5,81,48,25,2500.0
A00685,72,5,5,165,16,35,4000.0
A00552,51,11,1,136,91,24,4000.0
A00244,23,1,1,63,8,9,2500.0
A01119,125,20,5,266,32,33,4500.0
A00169,294,11,1,45,36,17,4000.0
A00331,249,5,5,83,71,27,4000.0
A01064,297,4,1,252,68,32,3000.0
A00741,62,4,1,178,31,14,3000.0
A01489,229,10,5,363,52,16,3000.0
A00262,182,18,3,66,80,16,5000.0
A00812,181,13,3,193,57,8,2500.0
A01274,277,12,2,308,54,17,5000.0
A01246,253,13,5,300,28,24,2500.0
A01231,118,1,3,295,5,25,2500.0
A00200,290,6,1,295,0,11,5000.0
A01427,243,1,3,345,64,14,2500.0
A00648,164,11,1,158,10,24,4000.0
A01024,160,3,3,242,4,16,
A00703,284,3,3,169,66,26,3500.0
A00187,255,16,3,50,3,17,3000.0
A01088,297,16,3,258,68,10,3000.0
A00402,226,5,5,99,24,19,4000.0
A00935,252,9,4,99,6,27,3500.0
A00854,22,6,1,203,18,11,5000.0
A00794,10,20,5,189,34,21,4500.0
A01459,245,7,4,353,18,19,2500.0
A00606,85,14,4,148,4,19,4500.0
A01149,112,13,5,274,74,8,2500.0
A00078,103,4,1,23,9,10,3000.0
A00519,93,13,5,129,6,34,2500.0
A01322,62,16,3,321,86,19,3000.0
A00745,262,12,2,178,1,35,5000.0
A00936,67,14,4,221,64,14,4500.0
A00218,286,10,5,56,63,26,3000.0
A01171,185,11,1,282,14,11,4000.0
A01431,97,19,1,346,13,20,2500.0
A00680,259,20,5,163,17,21,4500.0
A00866,178,18,3,205,34,15,5000.0
A00081,119,7,4,23,13,9,2500.0
A01482,244,19,4,360,30,28,2500.0
A01038,59,2,2,360,16,12,4500.0
A01441,191,20,5,349,31,31,4500.0
A01272,207,5,5,307,33,18,4000.0
A01174,198,6,1,283,2,26,5000.0
A00004,130,9,4,1,4,15,3500.0
A00160,52,3,3,43,10,28,3500.0
A00468,240,16,1,116,12,33,3000.0
A01500,151,10,5,365,17,14,3000.0
A00546,86,18,3,135,19,17,5000.0
A00931,249,8,3,220,9,13,4500.0
A00202,51,9,4,53,1,34,3500.0
A00080,48,10,2,23,53,30,3000.0
A00930,10,11,1,220,10,9,4000.0
A01313,121,6,1,318,24,23,5000.0
A01282,299,11,1,310,42,20,4000.0
A01015,249,7,2,240,61,29,2500.0
A00374,10,5,5,92,40,20,4000.0
A00201,68,2,2,92,28,32,4500.0
A00600,93,17,2,147,18,21,4000.0
A00495,122,5,5,123,4,21,4000.0
A01395,21,8,3,337,80,29,4500.0
A00387,122,18,3,94,39,16,5000.0
A01017,149,9,4,240,43,21,3500.0
A01291,130,3,3,311,22,9,3500.0
A01297,4,12,2,314,1,23,5000.0
A00276,128,1,3,70,24,9,2500.0
A00059,50,2,2,18,17,20,4500.0
A01490,103,16,1,364,90,25,3000.0
A01464,183,6,1,356,-23,25,5000.0
A01019,153,16,1,241,7,11,3000.0
A01368,90,10,2,330,11,30,3000.0
A01172,292,2,2,282,0,14,4500.0
A00420,191,18,3,105,99,29,5000.0
A01351,90,16,3,325,45,24,3000.0
A01339,295,15,5,323,28,11,3500.0
A00571,9,9,4,140,32,15,3500.0
A00015,96,19,4,3,32,35,2500.0
A00016,5,15,5,3,26,28,3500.0
A00087,179,14,4,24,43,20,4500.0
A00576,174,19,1,142,5,26,2500.0
A00341,20,5,5,85,180,33,4000.0
A00788,283,1,3,189,15,27,2500.0
A01117,138,14,4,266,4,16,4500.0
A00415,119,1,1,104,73,32,2500.0
A00255,66,10,2,65,48,30,3000.0
A01073,185,5,5,65,16,33,4000.0
A00025,155,17,2,8,7,15,4000.0
A00130,255,16,3,35,96,19,3000.0
A00883,178,13,3,209,41,29,2500.0
A01267,266,10,5,305,46,13,3000.0
A00314,63,5,5,78,28,25,4000.0
A00261,264,16,3,66,18,19,3000.0
A00056,55,9,4,17,7,26,3500.0
A00482,228,20,5,119,76,23,4500.0
A00410,141,8,3,102,5,22,4500.0
A00869,127,20,5,205,30,31,4500.0
A00058,33,4,1,18,46,30,3000.0
A00148,149,4,4,39,13,17,3000.0
A00333,137,20,5,83,8,25,4500.0
A00488,218,12,2,122,1,27,5000.0
A00716,61,15,5,171,59,16,3500.0
A01222,50,11,1,294,3,19,4000.0
A01505,200,11,1,174,19,9,4000.0
A00242,3,20,5,62,13,25,4500.0
A00199,295,4,1,62,2,12,3000.0
A01183,35,20,5,286,12,22,4500.0
A00939,1,1,3,223,34,32,2500.0
A01486,258,3,3,363,109,15,3500.0
A01096,218,20,5,259,0,34,4500.0
A00490,31,18,3,122,32,17,5000.0
A01236,153,4,4,296,180,16,3000.0
A01104,103,13,3,261,57,12,2500.0
A00909,266,3,3,217,82,27,3500.0
A00232,290,6,1,60,34,30,5000.0
A00146,123,13,3,39,33,12,2500.0
A00769,47,6,1,185,8,21,5000.0
A00891,196,3,3,212,33,27,3500.0
A00533,277,11,1,133,1,11,4000.0
A01152,37,17,2,275,9,32,4000.0
A00028,1,11,1,10,8,19,4000.0
A01201,165,16,3,290,8,26,3000.0
A00195,169,8,3,52,79,32,4500.0
A00900,146,1,1,214,5,27,2500.0
A00748,263,15,5,178,56,14,3500.0
A00797,67,20,5,190,2,26,4500.0
A01344,221,16,3,324,95,23,3000.0
A00697,92,9,4,167,131,19,3500.0
A01513,85,7,2,234,16,15,2500.0
A00041,295,10,2,13,52,34,3000.0
A01020,207,3,3,241,21,8,3500.0
A00085,84,17,2,24,102,18,4000.0
A00601,56,9,4,147,27,28,3500.0
A01428,66,4,4,345,117,15,3000.0
A00450,19,10,5,112,11,12,3000.0
A00582,29,14,4,142,10,11,4500.0
A01112,190,18,3,142,18,21,5000.0
A00268,40,20,5,67,17,22,4500.0
A01334,220,11,1,323,8,27,4000.0
A00906,38,18,3,216,115,25,5000.0
A01168,207,20,5,280,72,22,4500.0
A00889,25,1,3,212,3,27,2500.0
A00696,287,18,3,167,17,11,5000.0
A00578,203,17,2,142,55,8,4000.0
A01042,157,10,5,247,15,27,3000.0
A00538,222,7,2,134,24,24,2500.0
A00530,181,19,1,132,91,17,2500.0
A01357,297,10,5,328,22,11,3000.0
A00875,184,11,1,207,3,20,4000.0
A00792,70,9,4,189,1,12,3500.0
A00372,198,13,3,92,0,21,2500.0
A00278,70,1,1,71,40,17,2500.0
A00306,5,14,4,77,37,28,4500.0
A00233,248,19,1,60,29,21,2500.0
A01260,121,2,2,304,82,13,4500.0
A00026,127,9,4,9,31,31,3500.0
A00958,245,15,5,226,20,28,3500.0
A00832,285,17,2,198,141,15,4000.0
A00604,2,8,3,148,2,18,4500.0
A00763,270,6,1,184,13,20,5000.0
A00737,214,12,2,177,12,33,5000.0
A00470,261,20,5,116,35,25,4500.0
A01185,231,17,2,287,108,19,4000.0
A01463,122,1,1,356,24,33,2500.0
A00006,34,7,2,2,39,34,2500.0
A01186,72,7,4,287,27,14,2500.0
A01145,238,15,5,273,10,20,3500.0
A00181,221,1,1,49,56,28,2500.0
A01250,187,13,5,301,33,11,2500.0
A00663,300,18,3,161,36,12,5000.0
A00595,262,1,3,146,41,32,2500.0
A00208,92,4,4,55,23,17,3000.0
A00892,283,8,3,212,85,33,4500.0
A01299,205,17,2,314,11,17,4000.0
A01196,293,2,2,289,22,20,4500.0
A01417,224,3,3,342,76,35,3500.0
A01189,49,11,1,288,35,16,4000.0
A00818,196,17,2,195,45,10,4000.0
A00289,176,20,5,72,28,23,4500.0
A01496,174,13,3,365,29,22,2500.0
A00436,252,8,3,109,40,15,4500.0
A00921,87,12,2,219,70,22,5000.0
A01125,284,9,4,268,16,27,3500.0
A00946,151,19,4,224,15,14,2500.0
A00097,82,2,2,28,14,23,4500.0
A00062,163,8,3,20,12,20,4500.0
A01206,233,20,5,290,29,13,
A01409,294,17,2,340,64,30,4000.0
A00980,267,9,4,232,14,28,3500.0
A00254,52,10,2,65,31,22,3000.0
A00566,255,10,2,140,1,13,3000.0
A00243,57,20,5,62,55,13,4500.0
A01061,6,19,1,251,9,35,2500.0
A00841,96,9,4,199,5,23,3500.0
A00999,232,7,4,237,3,35,2500.0
A00076,63,18,3,22,13,10,5000.0
A00698,171,14,4,167,43,14,4500.0
A01381,283,14,4,332,131,25,4500.0
A00796,224,5,5,190,7,23,4000.0
A00090,102,6,1,25,7,15,5000.0
A00092,145,13,3,25,20,20,2500.0
A01293,113,7,4,311,156,34,2500.0
A01485,179,15,5,361,10,12,3500.0
A01094,36,18,3,259,13,13,5000.0
A00584,255,19,1,143,2,29,2500.0
A00247,169,11,1,63,25,18,4000.0
A00554,232,4,1,137,11,31,3000.0
A00230,278,12,2,59,9,31,5000.0
A01438,96,8,3,347,167,8,4500.0
A00512,60,17,2,128,6,28,4000.0
A00910,8,14,4,217,1,32,4500.0
A00870,207,2,2,206,2,15,4500.0
A00684,122,19,4,165,49,28,2500.0
A00655,37,2,2,160,1,28,4500.0
A00711,16,1,3,170,18,31,2500.0
A00266,75,1,3,67,30,27,2500.0
A00798,203,6,1,191,29,26,5000.0
A01106,145,9,4,261,9,8,3500.0
A00448,182,1,3,112,7,12,2500.0
A00344,271,16,3,86,19,9,3000.0
A00361,57,19,4,90,12,29,2500.0
A01384,142,4,1,335,16,24,3000.0
A00982,44,13,5,232,31,22,2500.0
A00253,296,2,2,65,2,10,4500.0
A00941,118,1,1,224,18,30,2500.0
A00671,86,2,2,162,9,34,4500.0
A01314,183,6,1,318,57,26,5000.0
A01069,211,1,1,254,4,17,2500.0
A01396,137,13,3,337,7,10,2500.0
A01023,202,14,4,241,15,13,4500.0
A01305,110,6,1,316,18,27,5000.0
A01000,1,9,4,237,0,8,3500.0
A00153,118,2,2,41,159,25,4500.0
A00103,69,11,1,29,5,27,4000.0
A01371,3,12,2,331,14,9,5000.0
A00742,104,4,1,178,114,18,3000.0
A01342,248,19,1,324,91,15,2500.0
A00476,63,6,1,119,35,11,5000.0
A00656,149,10,2,160,14,13,3000.0
A00647,163,18,3,157,11,31,5000.0
A00826,108,18,3,197,52,26,5000.0
A00597,118,14,4,146,0,30,4500.0
A00141,240,16,1,38,7,30,3000.0
A01190,259,11,1,288,58,27,4000.0
A00403,100,9,4,100,12,15,3500.0
A00150,110,19,4,100,27,13,2500.0
A00799,97,18,3,191,19,10,5000.0
A01161,208,11,1,279,4,14,4000.0
A01302,17,10,2,315,5,16,3000.0
A01079,138,5,5,255,14,11,4000.0
A00330,293,9,4,83,73,31,3500.0
A00491,117,10,5,83,9,26,3000.0
A00012,225,13,3,3,97,11,2500.0
A00865,21,7,2,205,0,9,2500.0
A00874,280,14,4,206,4,28,4500.0
A00115,55,9,4,30,146,10,3500.0
A01380,249,8,3,332,132,12,4500.0
A00017,206,3,3,4,44,14,3500.0
A00217,271,7,4,56,13,24,2500.0
A01223,61,11,1,294,26,11,4000.0
A00753,278,20,5,179,22,12,4500.0
A00400,27,18,3,98,60,35,5000.0
A01416,102,17,2,342,2,21,4000.0
A00339,160,17,2,85,21,35,4000.0
A00398,235,17,2,98,36,18,4000.0
A01034,23,15,5,245,31,28,3500.0
A00898,262,5,5,213,16,31,4000.0
A00544,146,12,2,135,7,21,5000.0
A00965,195,11,1,230,4,12,4000.0
A00251,78,1,1,65,45,14,2500.0
A00956,235,13,5,226,47,22,2500.0
A01468,200,5,5,357,29,19,4000.0
A00322,87,11,1,81,27,23,4000.0
A01158,274,18,3,276,37,32,5000.0
A00642,170,20,5,156,95,29,4500.0
A00213,107,12,2,56,1,12,5000.0
A01495,33,10,2,365,15,28,3000.0
A01215,118,11,1,293,27,14,4000.0
A00802,77,6,1,192,10,25,5000.0
A00222,197,3,3,57,3,35,3500.0
A00108,46,15,5,29,52,32,3500.0
A01210,221,10,2,291,14,33,3000.0
A00585,111,16,3,143,26,17,3000.0
A01077,167,2,2,255,32,28,4500.0
A01137,189,15,5,270,8,9,3500.0
A01102,188,14,4,260,57,12,4500.0
A00239,100,20,5,60,39,30,4500.0
A00152,130,6,1,41,51,33,5000.0
A01307,37,12,2,316,77,32,5000.0
A00127,270,17,2,34,109,31,4000.0
A01295,185,7,2,312,23,11,2500.0
A01120,279,18,3,267,17,33,5000.0
A00806,249,8,3,192,3,26,4500.0
A01420,265,9,4,342,-8,33,3500.0
A00500,23,14,4,126,5,25,4500.0
A00496,123,9,4,125,15,20,3500.0
A00338,110,6,1,85,28,15,5000.0
A00967,157,10,2,230,37,27,3000.0
A01180,158,17,2,284,32,21,4000.0
A00836,202,6,1,199,28,23,5000.0
A00861,110,12,2,204,63,13,5000.0
A00658,168,14,4,160,5,33,4500.0
A00005,253,6,1,2,2,24,5000.0
A00334,165,10,2,84,30,26,3000.0
A01230,236,12,2,295,27,30,5000.0
A00428,134,9,4,106,79,13,3500.0
A01398,153,4,1,338,89,27,3000.0
A01199,245,11,1,290,60,14,4000.0
A00804,16,2,2,192,33,12,4500.0
A01433,63,14,4,192,28,26,4500.0
A00631,135,11,1,155,51,23,4000.0
A00830,179,19,1,198,16,15,2500.0
A01191,72,17,2,288,87,18,4000.0
A01507,81,1,3,179,55,17,2500.0
A01107,166,19,1,262,15,31,2500.0
A00167,25,3,3,44,19,25,3500.0
A00038,45,6,1,11,22,11,5000.0
A00738,138,1,3,177,4,21,2500.0
A00204,287,11,1,55,59,18,4000.0
A00661,276,12,2,161,15,9,5000.0
A01276,117,4,4,308,20,12,3000.0
A00480,210,10,5,119,25,11,3000.0
A00878,19,10,5,119,32,12,3000.0
A00451,264,15,5,112,13,32,3500.0
A00096,144,2,2,27,28,26,4500.0
A01225,193,10,2,294,22,14,3000.0
A01144,82,3,3,273,50,19,3500.0
A00430,89,11,1,107,15,27,4000.0
A00771,225,7,2,185,3,10,2500.0
A00636,202,19,4,155,40,21,2500.0
A00327,256,11,1,83,9,34,4000.0
A00917,172,14,4,218,29,22,4500.0
A00203,181,5,5,53,17,30,4000.0
A01214,189,15,5,291,14,11,3500.0
A00172,170,3,3,45,1,24,3500.0
A00666,66,10,5,161,35,11,3000.0
A00192,225,4,1,51,10,9,3000.0
A00702,88,17,2,169,26,16,4000.0
A00834,143,7,4,198,26,19,2500.0
A00292,157,13,3,74,14,23,2500.0
A00223,225,4,4,57,80,23,3000.0
A00170,185,19,1,45,40,32,2500.0
A00823,80,9,4,196,9,14,3500.0
A00126,101,7,2,34,26,23,2500.0
A00727,295,16,3,175,4,12,3000.0
A00439,167,5,5,109,14,26,4000.0
A00605,188,9,4,148,37,27,3500.0
A00021,15,14,4,7,141,12,4500.0
A00790,125,8,3,189,7,18,4500.0
A01422,194,13,5,342,23,18,2500.0
A00008,282,9,4,2,103,35,3500.0
A00675,240,15,5,162,55,27,3500.0
A00231,182,7,4,59,28,26,2500.0
A01447,235,14,4,351,10,31,4500.0
A00728,252,14,4,175,70,30,4500.0
A00351,157,10,5,87,70,25,3000.0
A00132,4,14,4,35,32,30,4500.0
A00288,255,10,5,72,74,20,3000.0
A00299,164,8,3,76,20,14,4500.0
A01391,62,1,1,337,7,21,2500.0
A00258,82,17,2,66,55,20,4000.0
A00316,255,3,3,79,22,11,3500.0
A01208,69,11,1,291,12,9,4000.0
A00732,57,18,3,176,14,29,5000.0
A01475,169,17,2,359,86,25,4000.0
A00957,233,15,5,226,62,9,3500.0
A01474,215,2,2,359,15,12,4500.0
A00937,17,10,5,221,44,22,3000.0
A01052,269,20,5,248,67,34,4500.0
A00423,253,19,4,105,26,19,
A00750,83,2,2,179,180,9,4500.0
A01408,166,7,2,340,-20,28,2500.0
A00915,31,3,3,218,11,9,3500.0
A00805,288,10,2,192,9,31,3000.0
A00140,145,15,5,37,29,20,3500.0
A01281,225,4,1,310,4,25,3000.0
A00124,165,16,1,310,39,27,3000.0
A01006,107,12,2,238,11,30,5000.0
A00800,91,14,4,191,42,18,4500.0
A01294,43,19,1,312,33,27,2500.0
A01197,135,17,2,289,9,16,4000.0
A00308,271,4,1,78,22,8,3000.0
A00360,125,12,2,90,1,32,5000.0
A01028,20,17,2,244,8,8,4000.0
A00121,285,12,2,32,6,20,5000.0
A00183,189,16,3,49,9,23,3000.0
A00781,84,11,1,188,19,8,4000.0
A00350,201,14,4,87,25,21,4500.0
A00592,36,1,3,144,21,22,2500.0
A00540,194,14,4,134,7,15,4500.0
A01218,49,14,4,293,132,29,4500.0
A00396,267,19,1,98,36,33,2500.0
A00335,260,12,2,84,39,23,5000.0
A01456,300,5,5,352,4,29,4000.0
A00401,244,7,4,99,4,21,2500.0
A00035,88,18,3,10,111,25,5000.0
A00925,22,18,3,219,21,25,5000.0
A00384,133,2,2,94,30,9,4500.0
A01045,104,16,1,248,114,34,3000.0
A00514,210,7,4,128,41,28,2500.0
A01286,114,7,4,310,19,18,2500.0
A00282,72,7,4,71,29,8,2500.0
A00030,114,2,2,10,97,9,4500.0
A01083,250,3,3,256,13,16,3500.0
A00348,185,7,2,87,1,17,2500.0
A00677,271,4,4,163,20,31,3000.0
A01415,292,2,2,342,88,15,4500.0
A00191,107,20,5,50,14,22,4500.0
A00375,40,5,5,92,11,15,4000.0
A01359,229,16,1,329,93,20,3000.0
A00286,53,13,3,329,13,9,2500.0
A00055,152,14,4,16,15,28,4500.0
A00129,230,20,5,34,0,31,4500.0
A00776,66,4,1,186,43,30,3000.0
A00186,25,2,2,50,46,14,4500.0
A00952,79,10,5,225,32,27,3000.0
A00383,28,9,4,225,19,9,3500.0
A01290,224,12,2,311,9,25,5000.0
A00563,173,2,2,140,22,35,4500.0
A01013,175,6,1,240,83,19,5000.0
A00715,80,9,4,171,6,22,
A00105,252,12,2,29,7,25,5000.0
A01499,242,19,4,365,3,20,2500.0
A00914,220,1,1,218,132,34,2500.0
A00238,96,7,4,60,28,10,2500.0
A00043,247,18,3,13,51,8,5000.0
A00673,244,13,3,162,55,20,2500.0
A00145,252,11,1,39,76,17,4000.0
A01483,299,7,2,361,38,15,2500.0
A00224,118,19,4,57,43,15,2500.0
A00386,34,18,3,94,23,27,5000.0
A00838,231,17,2,199,35,12,4000.0
A00229,101,7,2,59,39,34,2500.0
A01289,49,1,1,311,37,8,2500.0
A00320,189,1,3,80,28,29,2500.0
A01122,114,14,4,267,52,24,4500.0
A00553,188,12,2,136,82,31,5000.0
A01443,210,3,3,350,5,20,3500.0
A00111,257,2,2,30,6,11,4500.0
A01335,100,1,3,323,2,31,2500.0
A00300,54,7,4,76,9,19,2500.0
A00730,191,12,2,176,24,18,5000.0
A01166,134,12,2,280,41,23,5000.0
A00357,48,10,5,88,11,30,3000.0
A01050,297,16,3,248,29,25,3000.0
A00354,131,20,5,87,35,35,4500.0
A00961,200,6,1,228,11,10,5000.0
A00263,218,13,5,66,5,18,2500.0
A00749,87,19,1,66,34,25,2500.0
A01255,68,1,1,303,22,9,2500.0
A00995,124,19,4,235,12,33,2500.0
A01098,92,10,2,260,8,9,3000.0
A01187,241,15,5,287,35,25,3500.0
A01078,100,9,4,255,1,25,3500.0
A00110,235,6,1,30,19,8,5000.0
A01135,93,5,5,270,56,22,4000.0
A01349,63,3,3,325,13,27,3500.0
A01065,142,16,3,252,2,11,3000.0
A01216,22,13,3,293,4,31,2500.0
A00271,300,19,1,69,21,24,2500.0
A00817,155,17,2,195,0,23,4000.0
A00523,160,11,1,130,28,23,4000.0
A01217,276,7,4,293,13,29,2500.0
A00989,75,16,1,234,180,35,3000.0
A01085,127,5,5,256,41,17,4000.0
A00366,166,14,4,91,52,17,4500.0
A01287,236,19,4,310,28,31,2500.0
A00734,264,4,4,176,84,16,3000.0
A01382,16,12,2,333,7,31,5000.0
A00257,99,12,2,333,0,17,5000.0
A00896,234,2,2,213,40,22,4500.0
A01457,227,15,5,352,66,30,3500.0
A00394,46,4,4,97,9,27,3000.0
A00638,118,17,2,156,9,24,4000.0
A00342,114,5,5,85,8,34,4000.0
A00594,179,17,2,146,170,24,4000.0
A01444,129,4,4,350,5,28,3000.0
A00277,96,15,5,70,0,30,3500.0
A00949,69,11,1,225,20,29,4000.0
A01124,62,3,3,268,6,19,3500.0
A00579,39,3,3,142,9,24,3500.0
A00824,264,4,1,197,60,16,3000.0
A00897,86,14,4,213,60,21,4500.0
A00168,216,9,4,44,12,19,3500.0
A01467,154,18,3,357,28,29,5000.0
A00487,121,14,4,121,31,29,4500.0
A01198,166,7,4,289,20,30,2500.0
A00046,220,17,2,14,58,16,4000.0
A00942,187,4,1,224,6,23,3000.0
A00947,191,13,5,224,34,26,2500.0
A00157,153,16,1,43,16,28,3000.0
A00558,244,2,2,139,39,8,4500.0
A00953,42,2,2,226,11,30,4500.0
A01047,182,19,1,248,53,18,2500.0
A00355,41,5,5,88,3,17,4000.0
A00795,260,7,2,190,12,34,2500.0
A00154,123,12,2,41,156,12,5000.0
A00143,192,8,3,38,10,22,4500.0
A01071,119,9,4,254,24,13,3500.0
A01308,62,4,4,316,15,25,3000.0
A00485,185,12,2,121,2,29,5000.0
A00034,266,16,3,10,41,29,3000.0
A00464,236,14,4,115,32,29,4500.0
A00650,75,7,2,158,50,32,2500.0
A00613,266,10,5,151,80,9,3000.0
A00862,257,13,3,204,31,12,2500.0
A01105,76,18,3,261,56,34,5000.0
A00725,58,1,3,175,7,19,2500.0
A00744,235,11,1,178,111,26,4000.0
A00370,46,16,1,92,51,17,3000.0
A00088,286,15,5,24,12,22,3500.0
A00955,65,13,3,24,25,15,2500.0
A01365,257,6,1,330,17,30,5000.0
A01469,241,11,1,358,5,14,4000.0
A00814,272,5,5,358,56,10,4000.0
A00516,16,15,5,358,106,11,3500.0
A01264,133,18,3,304,20,23,5000.0
A00414,32,1,1,104,60,21,2500.0
A01143,133,17,2,273,25,11,4000.0
A00134,78,12,2,36,37,11,5000.0
A00873,189,4,4,206,7,28,3000.0
A00029,187,16,1,10,39,20,3000.0
A00844,114,3,3,200,18,12,3500.0
A01123,267,10,2,268,39,15,3000.0
A00353,233,13,5,87,13,32,2500.0
A01127,7,6,1,269,32,27,5000.0
A00724,230,11,1,175,74,27,4000.0
A01176,281,5,5,283,31,23,4000.0
A00290,149,10,2,73,28,23,3000.0
A00708,55,6,1,170,3,17,5000.0
A01414,132,19,4,340,32,15,2500.0
A00811,298,1,3,193,15,17,2500.0
A00303,32,2,2,77,18,31,4500.0
A01262,253,7,2,304,31,11,2500.0
A01169,75,16,1,281,154,31,3000.0
A01383,227,9,4,333,32,13,3500.0
A00305,69,8,3,77,5,10,4500.0
A00162,189,4,4,43,4,18,3000.0
A00877,173,19,4,43,56,27,2500.0
A01268,15,15,5,305,31,11,3500.0
A00047,11,16,3,14,24,19,3000.0
A00060,93,14,4,18,141,14,4500.0
A00107,73,13,5,29,13,13,2500.0
A00032,83,12,2,10,15,33,5000.0
A01089,197,15,5,258,85,28,3500.0
A01165,256,6,1,280,48,11,5000.0
A01461,260,17,2,354,65,20,4000.0
A00859,252,6,1,204,5,14,
A00848,176,9,4,200,48,34,3500.0
A00418,265,8,3,105,48,29,4500.0
A01029,98,17,2,244,27,21,4000.0
A00003,274,13,3,1,5,13,2500.0
A00977,226,20,5,231,73,15,4500.0
A00211,240,13,5,55,1,15,2500.0
A00326,217,6,1,83,64,8,5000.0
A00142,243,17,2,38,42,23,4000.0
A00188,293,18,3,50,5,22,5000.0
A00810,234,20,5,192,44,25,4500.0
A01403,108,6,1,339,80,27,5000.0
A01340,119,1,1,324,1,29,2500.0
A01306,169,7,2,316,-30,34,2500.0
A01220,273,15,5,293,33,23,3500.0
A00618,166,20,5,293,12,21,4500.0
A01439,193,16,1,349,16,24,3000.0
A01162,79,10,2,349,35,18,3000.0
A00687,247,15,5,165,15,13,3500.0
A00545,41,17,2,135,9,25,4000.0
A01320,55,3,3,321,22,24,3500.0
A01041,185,8,3,247,50,34,4500.0
A01036,135,8,3,246,49,14,4500.0
A00924,60,13,3,219,14,34,2500.0
A00850,99,12,2,202,17,18,
A01159,111,16,1,277,21,20,3000.0
A00831,76,17,2,198,41,13,4000.0
A01219,257,14,4,293,16,24,4500.0
A00608,179,17,2,149,24,9,4000.0
A00013,109,18,3,3,7,22,5000.0
A00274,74,12,2,70,11,34,5000.0
A00373,292,7,4,92,2,25,2500.0
A00813,246,4,4,193,15,25,3000.0
A00071,11,10,5,21,57,32,3000.0
A01404,148,9,4,339,55,35,3500.0
A00101,96,13,5,28,34,29,2500.0
A01132,275,12,2,270,20,14,5000.0
A00759,212,3,3,183,3,22,3500.0
A00695,246,16,3,167,3,21,3000.0
A01522,75,10,2,324,93,32,3000.0
A00532,73,20,5,324,17,10,4500.0
A00712,162,14,4,170,0,16,4500.0
A01328,189,16,3,322,48,25,3000.0
A00895,258,6,1,213,3,33,5000.0
A01284,168,8,3,310,0,29,4500.0
A01354,159,2,2,326,56,16,4500.0
A00733,191,18,3,176,33,26,5000.0
A00084,171,12,2,24,21,27,5000.0
A01138,5,12,2,272,16,21,5000.0
A00449,102,3,3,272,74,35,3500.0
A00446,236,13,5,111,29,16,2500.0
A01435,211,13,5,346,21,26,2500.0
A00424,128,5,5,105,13,8,4000.0
A00147,252,13,3,39,32,14,2500.0
A00916,221,4,4,218,16,27,3000.0
A00938,47,12,2,223,16,21,5000.0
A00379,90,3,3,93,18,17,3500.0
A01156,259,12,2,276,11,15,5000.0
A00694,230,17,2,167,15,29,4000.0
A00646,140,18,3,157,6,17,5000.0
A00456,32,14,4,113,32,16,4500.0
A00321,68,1,1,81,42,25,2500.0
A01481,267,16,3,360,39,19,3000.0
A00994,110,8,3,235,31,21,4500.0
A00067,44,2,2,21,118,16,4500.0
A00833,249,18,3,198,12,29,5000.0
A01378,269,19,1,332,76,11,2500.0
A01352,146,18,3,325,12,19,5000.0
A00293,101,9,4,74,20,8,3500.0
A00362,104,10,5,90,74,28,3000.0
A01355,198,9,4,326,46,19,3500.0
A01348,27,7,2,325,21,34,2500.0
A01139,63,17,2,272,43,10,4000.0
A01362,10,14,4,329,22,32,4500.0
A01075,194,11,1,255,39,14,4000.0
A01450,247,7,2,352,32,9,2500.0
A00064,247,14,4,20,33,23,4500.0
A00250,105,4,4,63,34,34,3000.0
A01326,55,8,3,322,18,8,4500.0
A00039,293,1,3,11,8,16,2500.0
A00528,238,20,5,130,42,24,4500.0
A00053,16,11,1,16,22,32,4000.0
A00113,269,8,3,30,43,18,4500.0
A01093,146,8,3,259,2,21,4500.0
A01048,270,2,2,248,68,34,4500.0
A00441,27,12,2,111,25,24,5000.0
A00417,204,9,4,104,56,18,3500.0
A00489,33,16,3,122,0,24,3000.0
A01076,246,16,1,255,51,29,3000.0
A01109,52,10,2,262,10,32,3000.0
A00119,190,6,1,32,10,12,5000.0
A01346,87,2,2,325,5,31,4500.0
A00070,105,16,3,21,0,34,3000.0
A01249,219,12,2,301,33,11,5000.0
A01374,134,15,5,331,45,9,3500.0
A00391,154,20,5,95,23,19,4500.0
A00404,241,9,4,100,10,25,3500.0
A01039,179,2,2,247,0,22,4500.0
A01373,214,8,3,331,4,24,4500.0
A01232,181,1,3,295,18,17,2500.0
A00819,147,8,3,195,3,23,4500.0
A00927,216,14,4,219,0,19,4500.0
A00435,259,11,1,109,32,12,4000.0
A00821,116,2,2,196,145,35,4500.0
A01128,209,3,3,269,63,33,3500.0
A01494,64,9,4,364,29,34,3500.0
A01296,38,1,1,314,28,21,2500.0
A00634,68,13,3,155,55,19,2500.0
A01360,265,2,2,329,19,16,4500.0
A00182,83,11,1,49,3,34,4000.0
A00565,117,10,2,140,46,10,3000.0
A01479,119,7,2,360,20,34,2500.0
A00438,293,7,4,109,20,35,2500.0
A01049,39,12,2,248,72,34,5000.0
A00918,71,19,1,219,27,22,2500.0
A00136,261,17,2,36,3,34,4000.0
A01059,184,15,5,249,13,30,3500.0
A00031,165,10,2,10,66,14,3000.0
A01385,222,13,3,335,54,15,2500.0
A00978,153,16,1,232,76,25,3000.0
A01155,40,1,1,276,49,9,2500.0
A00193,223,12,2,51,40,17,5000.0
A01454,106,14,4,352,15,33,4500.0
A00524,209,8,3,130,5,10,4500.0
A01051,241,20,5,248,19,23,4500.0
A01097,34,6,1,260,17,19,5000.0
A01022,42,14,4,260,50,17,4500.0
A00520,54,15,5,129,36,16,3500.0
A01092,78,17,2,259,24,9,4000.0
A00109,205,15,5,29,15,24,3500.0
A00049,290,2,2,15,2,25,4500.0
A00934,160,8,3,221,34,33,4500.0
A01227,24,15,5,294,14,12,3500.0
A00458,246,7,2,294,30,22,2500.0
A00279,129,16,1,71,33,27,3000.0
A01399,175,11,1,338,8,20,4000.0
A01315,292,17,2,318,17,14,4000.0
A01113,191,20,5,318,5,29,4500.0
A00825,137,8,3,197,4,28,4500.0
A00751,207,12,2,179,16,9,5000.0
A00149,178,9,4,39,26,30,3500.0
A00746,118,17,2,178,115,15,4000.0
A01253,58,13,3,302,46,27,2500.0
A00754,153,4,1,181,19,17,3000.0
A00164,288,15,5,43,63,32,3500.0
A00294,283,9,4,74,19,21,3500.0
A00907,257,15,5,216,29,14,3500.0
A00926,267,4,4,219,82,28,3000.0
A00945,236,7,4,224,41,34,
A01209,123,11,1,291,73,15,4000.0
A01014,12,2,2,240,24,35,4500.0
A01487,193,16,3,363,-26,23,3000.0
A00385,229,16,3,94,35,9,3000.0
A00413,42,20,5,102,46,11,4500.0
A00072,19,4,1,102,43,24,3000.0
A00664,164,9,4,102,21,18,3500.0
A00399,116,8,3,98,9,29,4500.0
A00678,269,15,5,163,99,23,3500.0
A00782,265,11,1,188,17,28,4000.0
A00444,193,10,5,111,9,34,3000.0
A01424,107,7,2,343,1,13,2500.0
A00209,138,9,4,55,0,31,3500.0
A01364,215,20,5,329,132,25,4500.0
A00467,33,16,1,116,25,14,3000.0
A00628,256,19,4,154,18,11,2500.0
A01337,179,3,3,323,47,27,3500.0
A01451,163,12,2,352,24,12,5000.0
A00099,79,4,4,28,2,9,3000.0
A01184,87,17,2,287,11,22,4000.0
A01263,84,3,3,304,13,32,3500.0
A01056,114,5,5,249,9,12,4000.0
A00529,27,6,1,132,52,23,5000.0
A01476,253,17,2,359,36,8,4000.0
A00534,82,1,3,133,26,29,2500.0
A00083,46,10,5,23,32,30,3000.0
A00281,262,18,3,71,41,31,5000.0
A00704,47,8,3,169,23,14,4500.0
A01407,149,16,1,340,2,35,3000.0
A00903,290,18,3,214,38,13,5000.0
A00768,293,14,4,184,92,30,4500.0
A01388,260,17,2,336,46,28,4000.0
A01358,108,11,1,329,8,9,4000.0
A00511,204,18,3,127,61,26,5000.0
A01091,198,12,2,259,108,19,5000.0
A01018,212,14,4,240,60,19,4500.0
A01032,291,8,3,245,2,14,4500.0
A00422,222,9,4,105,79,27,3500.0
A00542,272,13,5,134,86,30,2500.0
A00665,200,14,4,161,19,11,4500.0
A00991,121,8,3,234,52,8,4500.0
A01060,225,15,5,249,12,18,3500.0
A01347,250,2,2,325,4,32,4500.0
A01170,7,14,4,281,9,12,4500.0
A01437,235,6,1,347,15,26,5000.0
A01480,285,17,2,360,6,9,4000.0
A00307,180,14,4,77,2,29,4500.0
A00116,129,19,4,30,23,24,2500.0
A01333,32,15,5,322,33,23,3500.0
A00539,66,10,2,134,11,24,3000.0
A01452,180,3,3,352,94,34,3500.0
A00176,266,4,1,46,55,14,3000.0
A00984,80,15,5,232,10,30,3500.0
A00555,64,10,2,137,26,12,3000.0
A00612,91,19,4,151,37,18,2500.0
A01312,239,15,5,317,1,22,3500.0
A00392,275,20,5,95,42,35,4500.0
A00460,28,9,4,114,9,22,3500.0
A00757,88,5,5,182,19,31,4000.0
A00567,140,12,2,140,1,24,5000.0
A00352,51,13,5,87,11,32,2500.0
A01086,193,4,1,258,0,20,3000.0
A01393,101,17,2,337,62,8,4000.0
A00560,71,18,3,139,64,21,5000.0
A00616,127,20,5,151,79,21,4500.0
A00619,129,4,1,153,53,18,3000.0
A00309,102,6,1,78,15,29,5000.0
A00237,243,17,2,60,38,35,4000.0
A00493,202,3,3,60,22,35,3500.0
A00508,120,2,2,127,23,31,4500.0
A01224,6,19,1,294,39,35,2500.0
A01392,179,6,1,337,5,9,5000.0
A01016,235,8,3,240,75,19,4500.0
A00507,90,16,1,127,3,12,3000.0
A01425,54,1,1,345,17,8,2500.0
A01336,146,1,3,323,35,30,2500.0
A00014,13,14,4,3,76,27,4500.0
A00880,187,16,1,209,24,8,3000.0
A00643,264,16,1,157,0,25,3000.0
A00445,273,10,5,111,19,8,3000.0
A00785,39,13,5,188,91,31,2500.0
A00887,298,10,5,210,13,17,3000.0
A00783,197,17,2,188,33,24,4000.0
A00581,189,9,4,142,27,8,3500.0
A01442,15,11,1,350,56,31,4000.0
A00171,55,3,3,45,35,31,3500.0
A01046,187,16,1,248,18,17,3000.0
A00645,139,8,3,157,47,8,4500.0
A00760,274,13,3,183,5,24,2500.0
A01001,132,9,4,237,25,23,3500.0
A01111,113,15,5,237,88,13,3500.0
A00313,21,5,5,78,0,18,4000.0
A00602,219,14,4,147,34,27,4500.0
A00820,226,15,5,195,20,14,3500.0
A00358,133,1,1,90,8,33,2500.0
A00791,52,4,4,189,13,23,3000.0
A01082,127,12,2,256,7,16,5000.0
A00587,141,9,4,143,5,31,3500.0
A00884,25,7,2,210,32,32,2500.0
A01298,192,12,2,314,0,26,5000.0
A00359,38,19,1,314,55,16,2500.0
A00295,48,10,5,74,75,28,3000.0
A00037,129,13,5,10,54,26,2500.0
A01175,207,11,1,283,3,12,4000.0
A00381,43,18,3,93,24,35,5000.0
A00180,246,4,4,48,77,32,3000.0
A01133,207,8,3,48,31,11,4500.0
A00304,108,17,2,77,4,11,4000.0
A01164,80,15,5,279,3,10,3500.0
A00349,197,8,3,87,33,19,4500.0
A01330,280,18,3,322,10,33,5000.0
A00382,208,18,3,93,12,29,5000.0
A01103,199,1,1,261,24,29,2500.0
A00363,100,20,5,90,22,28,4500.0
A01037,254,19,4,246,24,18,2500.0
A01008,57,20,5,238,19,21,4500.0
A01099,53,12,2,260,7,19,5000.0
A01465,48,3,3,356,7,29,3500.0
A00426,225,16,3,106,1,23,3000.0
A00393,299,6,1,97,18,34,5000.0
A00857,258,3,3,203,24,24,3500.0
A00484,213,18,3,120,9,16,5000.0
A00607,16,20,5,148,0,33,4500.0
A00079,193,4,1,23,45,12,3000.0
A00478,28,7,4,119,6,16,2500.0
A01318,79,10,5,318,40,20,3000.0
A00196,218,7,4,318,47,11,2500.0
A00872,1,18,3,206,22,19,5000.0
A00499,3,20,5,125,14,34,4500.0
A00525,79,4,4,130,75,25,3000.0
A00713,126,5,5,170,0,18,4000.0
A00498,271,10,5,125,15,14,3000.0
A00337,34,1,1,85,36,20,2500.0
A00940,49,7,4,223,0,33,2500.0
A00944,144,18,3,224,53,26,5000.0
A01277,276,9,4,308,20,33,3500.0
A00919,74,2,2,219,29,24,4500.0
A01269,54,11,1,307,20,25,4000.0
A00406,73,19,1,101,48,18,2500.0
A00189,76,5,5,50,39,17,4000.0
A00356,171,5,5,88,10,11,4000.0
A00846,53,13,3,200,54,32,2500.0
A00971,69,5,5,230,76,28,4000.0
A01324,298,15,5,321,96,13,3500.0
A01426,106,19,1,345,10,25,2500.0
A00789,49,8,3,189,63,23,4500.0
A00210,103,19,4,55,56,23,2500.0
A00964,157,4,1,55,18,25,3000.0
A01136,48,15,5,270,3,11,3500.0
A00125,94,19,1,34,16,25,2500.0
A00543,21,20,5,134,3,35,4500.0
A00479,158,5,5,119,40,26,4000.0
A00205,193,10,2,55,37,9,3000.0
A00347,266,15,5,86,16,28,3500.0
A00131,17,4,4,35,17,27,3000.0
A01055,219,2,2,249,153,26,4500.0
A01080,293,11,1,256,36,13,4000.0
A00622,215,9,4,153,11,18,3500.0
A00707,35,15,5,169,13,21,3500.0
A00206,210,16,3,55,17,34,3000.0
A00710,206,17,2,170,-24,23,4000.0
A00509,106,17,2,127,132,32,4000.0
A00061,206,5,5,18,14,32,4000.0
A00329,51,8,3,83,33,31,4500.0
A00197,114,9,4,52,30,16,3500.0
A01205,245,19,4,290,43,11,2500.0
A01477,104,3,3,359,13,14,3500.0
A01044,279,11,1,248,16,23,4000.0
A01309,105,4,4,316,27,25,3000.0
A01243,49,6,1,300,11,22,5000.0
A00310,27,13,3,78,58,16,2500.0
A01285,113,18,3,310,32,23,5000.0
A00416,18,8,3,104,40,19,4500.0
A00345,235,9,4,86,36,12,3500.0
A00269,178,20,5,67,13,23,4500.0
A00784,233,13,3,188,34,12,2500.0
A00095,222,19,1,27,0,13,2500.0
A01033,296,9,4,245,3,15,3500.0
A01390,149,10,5,336,10,24,3000.0
A01466,38,8,3,356,13,32,4500.0
A00054,207,2,2,16,2,12,4500.0
A00522,156,6,1,130,3,18,5000.0
A00065,9,15,5,20,77,29,3500.0
A00504,85,15,5,20,15,15,3500.0
A00662,127,8,3,161,17,29,4500.0
A01300,289,20,5,314,25,20,4500.0
A00598,13,5,5,146,27,29,4000.0
A01372,24,17,2,331,29,32,4000.0
A01114,174,2,2,265,33,8,4500.0
A00486,205,12,2,121,38,22,5000.0
A00472,290,8,3,118,25,22,4500.0
A00623,104,16,1,154,130,33,
A00705,4,5,5,169,3,13,4000.0
A00635,76,18,3,155,1,10,5000.0
A00886,264,10,2,210,50,9,3000.0
A01026,150,16,1,244,21,35,3000.0
A00630,199,20,5,154,16,22,4500.0
A01303,120,7,4,315,8,21,2500.0
A01084,79,16,3,256,23,19,3000.0
A00863,190,18,3,204,1,10,5000.0
A00178,185,19,1,48,28,34,2500.0
A01453,282,8,3,352,26,29,4500.0
A00521,234,20,5,129,45,9,
A01429,80,5,5,345,108,22,4000.0
A00617,148,20,5,151,59,29,4500.0
A00163,146,14,4,43,36,17,4500.0
A00151,257,5,5,39,6,13,4000.0
A00778,201,14,4,186,11,35,4500.0
A00106,46,10,5,29,28,30,3000.0
A00235,25,12,2,60,19,17,5000.0
A01129,188,9,4,269,1,13,3500.0
A00911,102,13,5,217,180,35,2500.0
A00562,191,1,1,140,27,32,2500.0
A01002,229,15,5,237,23,31,3500.0
A00691,125,12,2,237,2,11,5000.0
A01310,48,10,2,317,17,20,3000.0
