patient_id,gender,date_of_birth,district
P0001,F,1980-06-21,Kurunegala
P0002,F,2006-12-04,Gampaha
P0003,M,1959-02-14,Galle
P0004,M,1990-02-09,Matara
P0005,F,1975-01-20,Colombo
P0006,F,1972-05-16,Matara
P0007,F,1957-07-30,Jaffna
P0008,F,2005-07-01,Jaffna
P0009,F,2003-03-05,Kurunegala
P0010,M,2004-11-03,Colombo
P0011,F,2009-10-02,Gampaha
P0012,F,1956-01-05,Gampaha
P0013,F,1982-01-30,Kurunegala
P0014,M,1997-02-12,Colombo
P0015,M,1975-03-17,Kandy
P0016,M,1998-05-25,Gampaha
P0017,F,2010-12-10,Kurunegala
P0018,F,2002-08-02,Gampaha
P0019,F,2017-09-24,Kandy
P0020,M,1961-04-28,Gampaha
P0021,F,1986-08-29,Jaffna
P0022,F,2003-03-05,Jaffna
P0023,F,1980-12-30,Jaffna
P0024,M,2001-04-07,Kurunegala
P0025,M,1984-06-22,Kalutara
P0026,M,1965-07-10,Kandy
P0027,M,1980-06-05,Gampaha
P0028,M,1965-06-28,Galle
P0029,F,2002-02-04,Matara
P0030,M,1997-01-21,Kurunegala
P0031,F,2000-08-24,Kurunegala
P0032,F,1998-05-13,Galle
P0033,F,2009-10-22,Colombo
P0034,M,1990-06-05,Matara
P0035,F,1954-01-14,Matara
P0036,F,1984-08-30,Kandy
P0037,F,2000-12-11,Jaffna
P0038,F,1957-03-13,Kurunegala
P0039,F,1953-05-14,Gampaha
P0040,M,1979-04-02,Jaffna
P0041,M,1993-08-12,Matara
P0042,F,1997-02-03,Galle
P0043,F,2001-06-22,Jaffna
P0044,M,1988-11-10,Galle
P0045,F,1965-02-23,Galle
P0046,M,2013-09-11,Gampaha
P0047,M,1954-07-27,Kalutara
P0048,F,2009-08-03,Colombo
P0049,M,2001-08-12,Jaffna
P0050,M,1991-02-27,Kandy
P0051,M,1950-03-14,Jaffna
P0052,F,2013-02-18,Galle
P0053,M,2006-08-26,Jaffna
P0054,M,1959-02-07,Jaffna
P0055,M,1985-12-01,Gampaha
P0056,M,1993-09-08,Kurunegala
P0057,M,1975-11-20,Galle
P0058,F,1989-09-23,Matara
P0059,M,1998-06-01,Colombo
P0060,F,1985-10-16,Gampaha
P0061,M,1988-03-28,Galle
P0062,M,2013-09-06,Kalutara
P0063,F,1990-12-18,Gampaha
P0064,F,2013-12-02,Galle
P0065,M,1966-05-04,Kandy
P0066,F,2014-11-13,Jaffna
P0067,M,2004-03-12,Kalutara
P0068,F,2005-06-25,Colombo
P0069,M,1952-06-16,Gampaha
P0070,M,2004-11-18,Galle
P0071,M,1971-03-04,Kandy
P0072,M,1988-05-08,Colombo
P0073,F,1981-08-23,Kandy
P0074,F,1984-12-09,Kandy
P0075,M,2019-07-17,Colombo
P0076,M,1986-07-24,Colombo
P0077,M,1996-10-23,Kandy
P0078,F,1955-09-04,Matara
P0079,F,2011-07-08,Kandy
P0080,F,1994-04-17,Colombo
P0081,M,1966-01-17,Kandy
P0082,M,1960-06-28,Galle
P0083,F,1962-09-03,Gampaha
P0084,M,2004-04-08,Gampaha
P0085,M,1994-08-19,Gampaha
P0086,F,1976-03-19,Gampaha
P0087,M,1985-03-09,Gampaha
P0088,M,2007-05-27,Kandy
P0089,F,1988-09-03,Jaffna
P0090,F,2013-08-22,Matara
P0091,F,1990-04-20,Matara
P0092,M,2013-12-17,Gampaha
P0093,M,2005-11-30,Kandy
P0094,F,2008-08-20,Kalutara
P0095,F,1998-06-29,Kandy
P0096,F,1998-03-15,Jaffna
P0097,M,1977-10-13,Jaffna
P0098,F,1959-07-12,Colombo
P0099,M,1960-08-03,Galle
P0100,M,2003-03-26,Kandy
P0101,F,1974-02-06,Colombo
P0102,F,1962-08-13,Matara
P0103,F,2019-01-20,Galle
P0104,F,2012-06-27,Matara
P0105,M,2010-05-23,Galle
P0106,M,1955-04-15,Gampaha
P0107,F,1955-06-27,Kandy
P0108,F,1995-04-10,Galle
P0109,F,1979-02-12,Gampaha
P0110,F,1986-04-22,Kandy
P0111,F,2015-08-06,Gampaha
P0112,M,1954-05-23,Matara
P0113,F,1956-03-12,Kurunegala
P0114,F,1954-04-14,Gampaha
P0115,F,1984-12-28,Jaffna
P0116,F,2005-12-12,Colombo
P0117,M,2010-12-15,Gampaha
P0118,M,1975-02-23,Matara
P0119,F,1954-12-26,Kalutara
P0120,F,1954-08-14,Kalutara
P0121,M,1980-02-14,Galle
P0122,M,1996-09-13,Matara
P0123,M,1950-06-30,Kurunegala
P0124,M,2006-12-22,Kandy
P0125,M,1974-03-03,Jaffna
P0126,M,1987-03-30,Gampaha
P0127,M,2002-12-06,Colombo
P0128,M,1978-08-04,Gampaha
P0129,M,2015-09-10,Gampaha
P0130,F,1983-09-23,Kurunegala
P0131,M,1974-10-13,Galle
P0132,F,1985-11-24,Jaffna
P0133,M,1970-01-23,Jaffna
P0134,M,1988-07-01,Matara
P0135,F,1987-05-26,Kalutara
P0136,M,1998-03-01,Kandy
P0137,M,2006-08-11,Matara
P0138,F,1999-07-02,Kalutara
P0139,F,1999-11-10,Galle
P0140,F,1959-02-24,Gampaha
P0141,M,1953-12-18,Colombo
P0142,F,2016-02-14,Galle
P0143,F,1969-03-30,Jaffna
P0144,M,2002-11-26,Jaffna
P0145,F,1990-01-16,Kurunegala
P0146,F,1951-12-15,Kandy
P0147,F,1975-05-19,Galle
P0148,M,1961-06-13,Gampaha
P0149,M,2011-12-23,Kalutara
P0150,F,2011-04-20,Galle
P0151,M,2011-07-13,Kandy
P0152,F,1978-07-29,Matara
P0153,M,2012-02-10,Colombo
P0154,M,1997-04-04,Kurunegala
P0155,F,1985-07-20,Colombo
P0156,M,1952-04-04,Gampaha
P0157,M,2017-06-17,Kalutara
P0158,F,1978-08-02,Jaffna
P0159,F,1966-11-11,Kandy
P0160,M,1956-11-27,Kandy
P0161,F,1991-05-06,Gampaha
P0162,F,1970-09-11,Galle
P0163,M,1973-11-08,Jaffna
P0164,M,1997-10-09,Jaffna
P0165,M,2017-09-05,Kurunegala
P0166,M,2000-05-22,Jaffna
P0167,M,1985-09-12,Kandy
P0168,F,1997-03-10,Kandy
P0169,M,1994-02-08,Jaffna
P0170,M,2002-11-02,Matara
P0171,F,2008-07-18,Kalutara
P0172,M,2008-08-22,Galle
P0173,F,1993-10-03,Jaffna
P0174,F,2003-06-23,Colombo
P0175,M,1989-05-06,Matara
P0176,M,1993-12-03,Kalutara
P0177,M,1956-06-05,Matara
P0178,M,1962-10-07,Colombo
P0179,M,1983-08-24,Matara
P0180,M,1993-05-05,Matara
P0181,F,1980-05-06,Colombo
P0182,M,1974-02-18,Galle
P0183,F,1960-07-23,Kandy
P0184,F,1983-08-07,Gampaha
P0185,M,1975-08-20,Kandy
P0186,F,1985-12-11,Matara
P0187,F,2019-08-08,Kalutara
P0188,F,1989-11-17,Kalutara
P0189,M,2018-02-07,Matara
P0190,F,1967-03-25,Jaffna
P0191,M,1979-04-09,Gampaha
P0192,F,1997-04-18,Jaffna
P0193,F,2015-01-17,Kandy
P0194,M,1992-04-15,Kurunegala
P0195,F,1993-09-12,Gampaha
P0196,M,1966-12-03,Kalutara
P0197,M,1977-08-21,Matara
P0198,M,1953-10-22,Kandy
P0199,M,1958-06-13,Matara
P0200,M,1981-09-26,Kalutara
P0201,F,1969-12-13,Galle
P0202,M,1978-03-08,Kurunegala
P0203,M,1994-12-10,Kurunegala
P0204,M,1994-02-13,Gampaha
P0205,M,1996-07-05,Colombo
P0206,M,2007-01-28,Colombo
P0207,F,1991-07-10,Galle
P0208,M,1965-07-12,Jaffna
P0209,F,1995-12-09,Colombo
P0210,F,2012-09-06,Galle
P0211,M,2001-01-29,Matara
P0212,F,1959-04-28,Matara
P0213,M,1950-11-30,Jaffna
P0214,F,1964-03-01,Jaffna
P0215,M,1959-01-24,Galle
P0216,F,1975-02-04,Kurunegala
P0217,F,2001-05-25,Kurunegala
P0218,F,1973-05-21,Colombo
P0219,F,2005-12-10,Galle
P0220,F,1959-07-31,Kurunegala
P0221,F,2010-05-04,Kandy
P0222,M,1960-06-29,Kandy
P0223,F,1981-08-13,Matara
P0224,M,1974-11-02,Kalutara
P0225,M,2019-10-05,Gampaha
P0226,M,1955-05-26,Gampaha
P0227,F,2002-06-17,Kalutara
P0228,M,1956-06-02,Colombo
P0229,M,2010-05-11,Gampaha
P0230,F,1983-11-22,Kalutara
P0231,F,1996-04-11,Galle
P0232,M,2019-06-23,Kalutara
P0233,M,1994-04-13,Jaffna
P0234,M,1980-07-01,Gampaha
P0235,M,1965-02-16,Kurunegala
P0236,F,1998-05-02,Colombo
P0237,F,1951-01-11,Jaffna
P0238,F,1986-05-08,Kalutara
P0239,F,2004-09-06,Gampaha
P0240,M,2016-02-09,Kalutara
P0241,F,1987-10-06,Gampaha
P0242,M,1955-03-18,Matara
P0243,F,1986-01-26,Matara
P0244,F,1953-10-03,Kalutara
P0245,F,1990-02-20,Jaffna
P0246,M,2013-10-25,Kandy
P0247,M,1955-01-19,Kandy
P0248,M,1967-06-05,Galle
P0249,M,1975-08-05,Galle
P0250,M,2004-07-12,Gampaha
P0251,M,1988-07-08,Gampaha
P0252,F,1974-03-08,Matara
P0253,F,1978-07-02,Matara
P0254,F,1953-08-02,Kandy
P0255,F,2010-10-12,Jaffna
P0256,F,1985-01-29,Kalutara
P0257,F,1996-10-21,Kalutara
P0258,M,1971-06-25,Kandy
P0259,M,1966-10-16,Colombo
P0260,M,1953-10-15,Colombo
P0261,M,1991-10-28,Colombo
P0262,M,2007-01-11,Matara
P0263,F,1974-12-16,Colombo
P0264,F,2010-05-31,Kalutara
P0265,M,1970-07-17,Matara
P0266,F,2013-11-01,Colombo
P0267,F,2019-05-28,Gampaha
P0268,F,1985-12-31,Kalutara
P0269,M,1997-11-16,Jaffna
P0270,F,2004-04-16,Kalutara
P0271,F,2010-09-26,Kurunegala
P0272,M,1971-06-06,Kalutara
P0273,F,2012-07-19,Kalutara
P0274,F,2005-01-12,Jaffna
P0275,F,1969-05-03,Kurunegala
P0276,F,1986-09-30,Kandy
P0277,F,1974-08-26,Colombo
P0278,F,1957-09-28,Gampaha
P0279,F,1981-10-13,Galle
P0280,F,1956-12-31,Kalutara
P0281,M,1978-11-30,Kurunegala
P0282,M,1962-01-12,Kalutara
P0283,F,1958-06-28,Gampaha
P0284,M,1967-03-17,Kandy
P0285,M,2007-07-27,Colombo
P0286,F,2014-03-28,Matara
P0287,M,1962-05-05,Kalutara
P0288,F,2018-08-20,Kandy
P0289,M,1953-06-26,Kalutara
P0290,M,1952-08-18,Colombo
P0291,F,1966-04-04,Kurunegala
P0292,F,2001-11-17,Kandy
P0293,F,1962-10-05,Jaffna
P0294,F,1956-01-10,Matara
P0295,M,2012-03-14,Matara
P0296,M,1961-03-30,Gampaha
P0297,F,2012-04-21,Gampaha
P0298,F,2009-06-09,Colombo
P0299,F,1963-04-14,Gampaha
P0300,F,1996-12-24,Kalutara
